cluster,variant,page,count
"page unit","page",00-foundation/10-design-principles,1
"page unit","page",10-system-design/10-doc-standards/10-structure,3
"page unit","page",10-system-design/10-doc-standards/20-numbering,2
"page unit","page",10-system-design/10-doc-standards/30-cross-doc-linking,4
"page unit","page",10-system-design/10-doc-standards/40-code-linking,1
"page unit","page",10-system-design/10-doc-standards/60-implementation-layer,13
"page unit","page",10-system-design/10-doc-standards/70-document-purpose,5
"page unit","page",10-system-design/10-doc-standards/80-authoring-lints,7
"page unit","page",10-system-design/10-doc-standards,1
"page unit","page",10-system-design/20-translation-layer/10-human-surface,2
"page unit","page",10-system-design/20-translation-layer/20-agent-surface,1
"page unit","page",10-system-design/30-data-model/20-block-design/10-state-schema,1
"page unit","page",10-system-design/30-data-model/20-block-design/20-typed-actions,1
"page unit","page",10-system-design/30-data-model/20-block-design/30-doc-renderer,2
"page unit","page",10-system-design/30-data-model/20-block-design/40-agent-renderer,1
"page unit","page",10-system-design/30-data-model/20-block-design/50-theming,1
"page unit","page",10-system-design/30-data-model/20-block-design,1
"page unit","page",10-system-design/40-block-vocabulary/10-text-and-media/10-rich-text/11-heading,1
"page unit","page",10-system-design/40-block-vocabulary/10-text-and-media/10-rich-text/14-callout,2
"page unit","page",10-system-design/40-block-vocabulary/10-text-and-media/10-rich-text/18-html,2
"page unit","page",10-system-design/40-block-vocabulary/10-text-and-media/10-rich-text,2
"page unit","page",10-system-design/40-block-vocabulary/10-text-and-media,1
"page unit","page",10-system-design/40-block-vocabulary/20-code,1
"page unit","page",10-system-design/40-block-vocabulary/30-trees-and-paths/30-call-stack,1
"page unit","page",10-system-design/40-block-vocabulary/30-trees-and-paths/40-component-tree,2
"page unit","page",10-system-design/40-block-vocabulary/30-trees-and-paths,1
"page unit","page",10-system-design/40-block-vocabulary/40-structured-reference/10-state-shape,2
"page unit","page",10-system-design/40-block-vocabulary/40-structured-reference,1
"page unit","page",10-system-design/40-block-vocabulary/50-flow-and-diagrams/20-flow-strip,1
"page unit","page",10-system-design/40-block-vocabulary/50-flow-and-diagrams/40-sequence,1
"page unit","page",10-system-design/40-block-vocabulary/50-flow-and-diagrams/50-canvas,1
"page unit","page",10-system-design/40-block-vocabulary/50-flow-and-diagrams,1
"page unit","page",10-system-design/40-block-vocabulary,8
"page unit","page",10-system-design/50-editor-design/10-reading-surface,19
"page unit","page",10-system-design/50-editor-design/20-editing-interactions/10-typing-model,1
"page unit","page",10-system-design/50-editor-design/20-editing-interactions/30-selection-and-movement,3
"page unit","page",10-system-design/50-editor-design/20-editing-interactions/40-in-place-editing,1
"page unit","page",10-system-design/50-editor-design/30-style-rail,1
"page unit","page",10-system-design/50-editor-design/40-visual-system/10-tokens,1
"page unit","page",10-system-design/50-editor-design/40-visual-system/20-typography-and-fonts,1
"page unit","page",10-system-design/50-editor-design/40-visual-system/40-code-colors,2
"page unit","page",10-system-design/50-editor-design/50-canvas-and-media,2
"page unit","page",10-system-design/50-editor-design,1
"page unit","page",10-system-design/70-central-docs-service,3
"page unit","page",30-implementation/10-packages/20-docs-index,1
"page unit","page",30-implementation/10-packages/50-docs-workbench,2
"page unit","page",30-implementation/10-packages/70-framework,1
"page unit","page",30-implementation/10-packages/80-external-canvas,1
"page unit","page",30-implementation/10-packages/85-docs-mcp,9
"page unit","page",30-implementation/10-packages/90-docs-publish,4
"page unit","page",30-implementation/20-workbench,6
"page unit","page",40-guides/10-docs-mcp/10-setup,1
"page unit","page",40-guides/10-docs-mcp/20-skills,1
"page unit","page",40-guides/10-docs-mcp/30-sync,2
"page unit","page",40-guides/10-docs-mcp/40-recovery,12
"page unit","page",40-guides/10-docs-mcp/50-document-management,13
"page unit","page",40-guides/30-run-central-docs,1
"page unit","page",40-guides/40-export-pdf,16
"page unit","page",40-guides/50-deploy-github-pages,21
"page unit","page",40-guides,2
"page unit","page",99-appendix/10-style-guide/10-writing-style,5
"page unit","page",99-appendix/10-style-guide/20-structure,4
"page unit","doc (singular noun)",10-system-design/10-doc-standards/10-structure,17
"page unit","doc (singular noun)",10-system-design/10-doc-standards/20-numbering,5
"page unit","doc (singular noun)",10-system-design/10-doc-standards/30-cross-doc-linking,6
"page unit","doc (singular noun)",10-system-design/10-doc-standards/40-code-linking,6
"page unit","doc (singular noun)",10-system-design/10-doc-standards/50-in-code-docs,8
"page unit","doc (singular noun)",10-system-design/10-doc-standards/60-implementation-layer,1
"page unit","doc (singular noun)",10-system-design/10-doc-standards,1
"page unit","doc (singular noun)",10-system-design/20-translation-layer/10-human-surface,1
"page unit","doc (singular noun)",10-system-design/20-translation-layer/20-agent-surface,1
"page unit","doc (singular noun)",10-system-design/20-translation-layer,1
"page unit","doc (singular noun)",10-system-design/30-data-model/20-block-design/10-state-schema,1
"page unit","doc (singular noun)",10-system-design/30-data-model/20-block-design/30-doc-renderer,2
"page unit","doc (singular noun)",10-system-design/30-data-model/20-block-design/60-agent-adapter,2
"page unit","doc (singular noun)",10-system-design/30-data-model/20-block-design,3
"page unit","doc (singular noun)",10-system-design/30-data-model/30-annotations,1
"page unit","doc (singular noun)",10-system-design/30-data-model/40-serialization,1
"page unit","doc (singular noun)",10-system-design/30-data-model,1
"page unit","doc (singular noun)",10-system-design/40-block-vocabulary/10-text-and-media/10-rich-text/10-paragraph,2
"page unit","doc (singular noun)",10-system-design/40-block-vocabulary/10-text-and-media/10-rich-text/11-heading,1
"page unit","doc (singular noun)",10-system-design/40-block-vocabulary/10-text-and-media/10-rich-text/12-list-item,1
"page unit","doc (singular noun)",10-system-design/40-block-vocabulary/10-text-and-media/10-rich-text/14-callout,1
"page unit","doc (singular noun)",10-system-design/40-block-vocabulary/10-text-and-media/10-rich-text/15-divider,1
"page unit","doc (singular noun)",10-system-design/40-block-vocabulary/10-text-and-media/10-rich-text/16-image,3
"page unit","doc (singular noun)",10-system-design/40-block-vocabulary/10-text-and-media/10-rich-text/17-video,1
"page unit","doc (singular noun)",10-system-design/40-block-vocabulary/10-text-and-media/10-rich-text/18-html,1
"page unit","doc (singular noun)",10-system-design/40-block-vocabulary/10-text-and-media/10-rich-text/19-image-grid,1
"page unit","doc (singular noun)",10-system-design/40-block-vocabulary/10-text-and-media/10-rich-text,4
"page unit","doc (singular noun)",10-system-design/40-block-vocabulary/20-code/10-code-block,4
"page unit","doc (singular noun)",10-system-design/40-block-vocabulary/20-code/20-pseudocode,1
"page unit","doc (singular noun)",10-system-design/40-block-vocabulary/30-trees-and-paths/10-file-tree,3
"page unit","doc (singular noun)",10-system-design/40-block-vocabulary/30-trees-and-paths/20-file-explorer,1
"page unit","doc (singular noun)",10-system-design/40-block-vocabulary/30-trees-and-paths/30-call-stack,1
"page unit","doc (singular noun)",10-system-design/40-block-vocabulary/30-trees-and-paths/40-component-tree,2
"page unit","doc (singular noun)",10-system-design/40-block-vocabulary/40-structured-reference/10-state-shape,1
"page unit","doc (singular noun)",10-system-design/40-block-vocabulary/40-structured-reference/20-interaction-surface,4
"page unit","doc (singular noun)",10-system-design/40-block-vocabulary/40-structured-reference/30-structured-table,3
"page unit","doc (singular noun)",10-system-design/40-block-vocabulary/50-flow-and-diagrams/10-process-outline,2
"page unit","doc (singular noun)",10-system-design/40-block-vocabulary/50-flow-and-diagrams/20-flow-strip,1
"page unit","doc (singular noun)",10-system-design/40-block-vocabulary/50-flow-and-diagrams/30-stack,1
"page unit","doc (singular noun)",10-system-design/40-block-vocabulary/50-flow-and-diagrams/40-sequence,6
"page unit","doc (singular noun)",10-system-design/40-block-vocabulary/50-flow-and-diagrams/50-canvas,14
"page unit","doc (singular noun)",10-system-design/40-block-vocabulary,1
"page unit","doc (singular noun)",10-system-design/50-editor-design/50-canvas-and-media,1
"page unit","doc (singular noun)",10-system-design,2
"page unit","doc (singular noun)",99-appendix/10-style-guide/10-writing-style,3
"page unit","doc (singular noun)",99-appendix/10-style-guide/20-structure,1
"page unit","doc (singular noun)",99-appendix/10-style-guide,1
"page unit","doc (singular noun)",99-appendix,1
"page unit","docs (plural/collective)",00-foundation/00-manifesto,6
"page unit","docs (plural/collective)",10-system-design/10-doc-standards/10-structure,4
"page unit","docs (plural/collective)",10-system-design/10-doc-standards/30-cross-doc-linking,9
"page unit","docs (plural/collective)",10-system-design/10-doc-standards/40-code-linking,6
"page unit","docs (plural/collective)",10-system-design/10-doc-standards/50-in-code-docs,2
"page unit","docs (plural/collective)",10-system-design/10-doc-standards/60-implementation-layer,6
"page unit","docs (plural/collective)",10-system-design/10-doc-standards/80-authoring-lints,8
"page unit","docs (plural/collective)",10-system-design/10-doc-standards,4
"page unit","docs (plural/collective)",10-system-design/20-translation-layer/10-human-surface,1
"page unit","docs (plural/collective)",10-system-design/20-translation-layer/20-agent-surface,1
"page unit","docs (plural/collective)",10-system-design/20-translation-layer,5
"page unit","docs (plural/collective)",10-system-design/30-data-model/60-change-sets,1
"page unit","docs (plural/collective)",10-system-design/30-data-model,1
"page unit","docs (plural/collective)",10-system-design/40-block-vocabulary/10-text-and-media/10-rich-text/11-heading,1
"page unit","docs (plural/collective)",10-system-design/40-block-vocabulary/10-text-and-media/10-rich-text/18-html,1
"page unit","docs (plural/collective)",10-system-design/40-block-vocabulary/10-text-and-media/10-rich-text/19-image-grid,2
"page unit","docs (plural/collective)",10-system-design/40-block-vocabulary/40-structured-reference/20-interaction-surface,1
"page unit","docs (plural/collective)",10-system-design/40-block-vocabulary/50-flow-and-diagrams/20-flow-strip,1
"page unit","docs (plural/collective)",10-system-design/40-block-vocabulary/50-flow-and-diagrams/40-sequence,1
"page unit","docs (plural/collective)",10-system-design/40-block-vocabulary/50-flow-and-diagrams/50-canvas,4
"page unit","docs (plural/collective)",10-system-design/50-editor-design/10-reading-surface,4
"page unit","docs (plural/collective)",10-system-design/50-editor-design/40-visual-system/30-themes,1
"page unit","docs (plural/collective)",10-system-design/50-editor-design/40-visual-system/40-code-colors,1
"page unit","docs (plural/collective)",10-system-design/50-editor-design/50-canvas-and-media,3
"page unit","docs (plural/collective)",10-system-design/60-product-versioning,1
"page unit","docs (plural/collective)",10-system-design/70-central-docs-service,5
"page unit","docs (plural/collective)",10-system-design,2
"page unit","docs (plural/collective)",30-implementation/10-packages/30-docs-server,3
"page unit","docs (plural/collective)",30-implementation/10-packages/40-docs-viewer,1
"page unit","docs (plural/collective)",30-implementation/10-packages/50-docs-workbench,1
"page unit","docs (plural/collective)",30-implementation/10-packages/60-docs-cli,1
"page unit","docs (plural/collective)",30-implementation/10-packages/70-framework,1
"page unit","docs (plural/collective)",30-implementation/10-packages/80-external-canvas,6
"page unit","docs (plural/collective)",30-implementation/10-packages/85-docs-mcp,11
"page unit","docs (plural/collective)",30-implementation/10-packages/90-docs-publish,6
"page unit","docs (plural/collective)",30-implementation/10-packages,4
"page unit","docs (plural/collective)",30-implementation/20-workbench,1
"page unit","docs (plural/collective)",30-implementation/40-theming,3
"page unit","docs (plural/collective)",30-implementation,1
"page unit","docs (plural/collective)",40-guides/10-docs-mcp/10-setup,6
"page unit","docs (plural/collective)",40-guides/10-docs-mcp/20-skills,2
"page unit","docs (plural/collective)",40-guides/10-docs-mcp/40-recovery,2
"page unit","docs (plural/collective)",40-guides/10-docs-mcp/50-document-management,2
"page unit","docs (plural/collective)",40-guides/10-docs-mcp,1
"page unit","docs (plural/collective)",40-guides/20-release-core-products,1
"page unit","docs (plural/collective)",40-guides/30-run-central-docs,11
"page unit","docs (plural/collective)",40-guides/40-export-pdf,10
"page unit","docs (plural/collective)",40-guides/50-deploy-github-pages,16
"page unit","docs (plural/collective)",40-guides/60-shared-env,3
"page unit","docs (plural/collective)",99-appendix/10-style-guide/10-writing-style,1
"page unit","docs (plural/collective)",99-appendix/10-style-guide/20-structure,1
"page unit","document",00-foundation/10-design-principles,1
"page unit","document",10-system-design/10-doc-standards/10-structure,2
"page unit","document",10-system-design/10-doc-standards/60-implementation-layer,1
"page unit","document",10-system-design/10-doc-standards/70-document-purpose,3
"page unit","document",10-system-design/10-doc-standards/80-authoring-lints,7
"page unit","document",10-system-design/20-translation-layer/10-human-surface,1
"page unit","document",10-system-design/20-translation-layer/20-agent-surface,1
"page unit","document",10-system-design/20-translation-layer,3
"page unit","document",10-system-design/30-data-model/10-document-tree,6
"page unit","document",10-system-design/30-data-model/20-block-design/10-state-schema,1
"page unit","document",10-system-design/30-data-model/20-block-design/30-doc-renderer,1
"page unit","document",10-system-design/30-data-model/30-annotations,2
"page unit","document",10-system-design/30-data-model/40-serialization,11
"page unit","document",10-system-design/30-data-model/50-mutation-model/10-undo-redo,4
"page unit","document",10-system-design/30-data-model/50-mutation-model/20-copy-paste,2
"page unit","document",10-system-design/30-data-model/50-mutation-model,18
"page unit","document",10-system-design/30-data-model/60-change-sets,22
"page unit","document",10-system-design/30-data-model,1
"page unit","document",10-system-design/40-block-vocabulary/10-text-and-media/10-rich-text/10-paragraph,2
"page unit","document",10-system-design/40-block-vocabulary/10-text-and-media/10-rich-text/11-heading,1
"page unit","document",10-system-design/40-block-vocabulary/10-text-and-media/10-rich-text/14-callout,1
"page unit","document",10-system-design/40-block-vocabulary/10-text-and-media/10-rich-text/18-html,4
"page unit","document",10-system-design/40-block-vocabulary/10-text-and-media/10-rich-text/19-image-grid,1
"page unit","document",10-system-design/40-block-vocabulary/10-text-and-media/10-rich-text,2
"page unit","document",10-system-design/40-block-vocabulary/10-text-and-media,1
"page unit","document",10-system-design/40-block-vocabulary/20-code/10-code-block,1
"page unit","document",10-system-design/40-block-vocabulary/30-trees-and-paths/10-file-tree,1
"page unit","document",10-system-design/40-block-vocabulary/40-structured-reference/10-state-shape,3
"page unit","document",10-system-design/40-block-vocabulary/40-structured-reference/20-interaction-surface,9
"page unit","document",10-system-design/40-block-vocabulary/40-structured-reference/30-structured-table,4
"page unit","document",10-system-design/40-block-vocabulary/50-flow-and-diagrams/10-process-outline,2
"page unit","document",10-system-design/40-block-vocabulary/50-flow-and-diagrams/40-sequence,10
"page unit","document",10-system-design/40-block-vocabulary/50-flow-and-diagrams/50-canvas,6
"page unit","document",10-system-design/50-editor-design/10-reading-surface,8
"page unit","document",10-system-design/50-editor-design/20-editing-interactions/10-typing-model,2
"page unit","document",10-system-design/50-editor-design/20-editing-interactions/20-slash-menu,2
"page unit","document",10-system-design/50-editor-design/20-editing-interactions/30-selection-and-movement,1
"page unit","document",10-system-design/50-editor-design/20-editing-interactions/40-in-place-editing,7
"page unit","document",10-system-design/50-editor-design/20-editing-interactions,4
"page unit","document",10-system-design/50-editor-design/30-style-rail,3
"page unit","document",10-system-design/50-editor-design/40-visual-system/10-tokens,1
"page unit","document",10-system-design/50-editor-design/40-visual-system/20-typography-and-fonts,2
"page unit","document",10-system-design/50-editor-design/40-visual-system/30-themes,4
"page unit","document",10-system-design/50-editor-design/40-visual-system,1
"page unit","document",10-system-design/50-editor-design/50-canvas-and-media,6
"page unit","document",10-system-design/50-editor-design,2
"page unit","document",10-system-design/60-product-versioning,1
"page unit","document",10-system-design/70-central-docs-service,5
"page unit","document",10-system-design,4
"page unit","document",30-implementation/10-packages/10-docs-model,3
"page unit","document",30-implementation/10-packages/20-docs-index,5
"page unit","document",30-implementation/10-packages/30-docs-server,1
"page unit","document",30-implementation/10-packages/40-docs-viewer,2
"page unit","document",30-implementation/10-packages/50-docs-workbench,2
"page unit","document",30-implementation/10-packages/80-external-canvas,1
"page unit","document",30-implementation/10-packages/85-docs-mcp,6
"page unit","document",30-implementation/10-packages/90-docs-publish,6
"page unit","document",30-implementation/20-workbench,2
"page unit","document",30-implementation/40-theming/10-system-ui,2
"page unit","document",30-implementation/40-theming,2
"page unit","document",30-implementation,1
"page unit","document",40-guides/10-docs-mcp/10-setup,2
"page unit","document",40-guides/10-docs-mcp/20-skills,4
"page unit","document",40-guides/10-docs-mcp/30-sync,2
"page unit","document",40-guides/10-docs-mcp/40-recovery,4
"page unit","document",40-guides/10-docs-mcp/50-document-management,9
"page unit","document",40-guides/20-release-core-products,1
"page unit","document",40-guides/30-run-central-docs,1
"page unit","document",40-guides/40-export-pdf,2
"page unit","document",40-guides,1
"page unit","document",99-appendix/10-style-guide/10-writing-style,3
"page unit","bundle",00-foundation/10-design-principles,1
"page unit","bundle",10-system-design/10-doc-standards/10-structure,4
"page unit","bundle",10-system-design/10-doc-standards/50-in-code-docs,1
"page unit","bundle",10-system-design/10-doc-standards/80-authoring-lints,2
"page unit","bundle",10-system-design/20-translation-layer,1
"page unit","bundle",10-system-design/30-data-model/20-block-design,2
"page unit","bundle",10-system-design/30-data-model/30-annotations,1
"page unit","bundle",10-system-design/30-data-model/50-mutation-model,1
"page unit","bundle",10-system-design/30-data-model/60-change-sets,2
"page unit","bundle",10-system-design/30-data-model,1
"page unit","bundle",10-system-design/40-block-vocabulary/10-text-and-media/10-rich-text/16-image,5
"page unit","bundle",10-system-design/40-block-vocabulary/10-text-and-media/10-rich-text/17-video,7
"page unit","bundle",10-system-design/40-block-vocabulary/10-text-and-media/10-rich-text/18-html,2
"page unit","bundle",10-system-design/40-block-vocabulary/10-text-and-media/10-rich-text/19-image-grid,2
"page unit","bundle",10-system-design/40-block-vocabulary/10-text-and-media/10-rich-text,2
"page unit","bundle",10-system-design/40-block-vocabulary/10-text-and-media,2
"page unit","bundle",10-system-design/40-block-vocabulary/20-code/10-code-block,1
"page unit","bundle",10-system-design/40-block-vocabulary/40-structured-reference/20-interaction-surface,2
"page unit","bundle",10-system-design/40-block-vocabulary/50-flow-and-diagrams/40-sequence,3
"page unit","bundle",10-system-design/40-block-vocabulary/50-flow-and-diagrams/50-canvas,3
"page unit","bundle",10-system-design/40-block-vocabulary,2
"page unit","bundle",10-system-design/50-editor-design/10-reading-surface,4
"page unit","bundle",10-system-design/50-editor-design/50-canvas-and-media,3
"page unit","bundle",10-system-design/70-central-docs-service,2
"page unit","bundle",30-implementation/10-packages/10-docs-model,6
"page unit","bundle",30-implementation/10-packages/20-docs-index,3
"page unit","bundle",30-implementation/10-packages/60-docs-cli,1
"page unit","bundle",30-implementation/10-packages/70-framework,1
"page unit","bundle",30-implementation/10-packages/85-docs-mcp,1
"page unit","bundle",30-implementation/10-packages/90-docs-publish,4
"page unit","bundle",30-implementation/10-packages,1
"page unit","bundle",30-implementation/20-workbench,2
"page unit","bundle",40-guides/10-docs-mcp/10-setup,2
"page unit","bundle",40-guides/10-docs-mcp/20-skills,2
"page unit","bundle",40-guides/10-docs-mcp/50-document-management,1
"page unit","bundle",40-guides/50-deploy-github-pages,1
"page unit","article",10-system-design/40-block-vocabulary/10-text-and-media/10-rich-text/17-video,1
"page unit","article",10-system-design/40-block-vocabulary/10-text-and-media/10-rich-text/18-html,1
"page unit","article",10-system-design/40-block-vocabulary/10-text-and-media/10-rich-text/19-image-grid,1
"page unit","article",30-implementation/10-packages/40-docs-viewer,1
"page unit","article",30-implementation/10-packages/90-docs-publish,5
"page unit","article",99-appendix/10-style-guide/10-writing-style,2
"block unit","block",00-foundation/10-design-principles,10
"block unit","block",00-foundation,2
"block unit","block",10-system-design/10-doc-standards/80-authoring-lints,18
"block unit","block",10-system-design/20-translation-layer/10-human-surface,4
"block unit","block",10-system-design/20-translation-layer/20-agent-surface,1
"block unit","block",10-system-design/20-translation-layer,7
"block unit","block",10-system-design/30-data-model/10-document-tree,38
"block unit","block",10-system-design/30-data-model/20-block-design/10-state-schema,2
"block unit","block",10-system-design/30-data-model/20-block-design/20-typed-actions,3
"block unit","block",10-system-design/30-data-model/20-block-design/30-doc-renderer,2
"block unit","block",10-system-design/30-data-model/20-block-design/40-agent-renderer,1
"block unit","block",10-system-design/30-data-model/20-block-design/50-theming,3
"block unit","block",10-system-design/30-data-model/20-block-design,12
"block unit","block",10-system-design/30-data-model/30-annotations,15
"block unit","block",10-system-design/30-data-model/40-serialization,6
"block unit","block",10-system-design/30-data-model/50-mutation-model/20-copy-paste,13
"block unit","block",10-system-design/30-data-model/50-mutation-model,14
"block unit","block",10-system-design/30-data-model/60-change-sets,4
"block unit","block",10-system-design/30-data-model,4
"block unit","block",10-system-design/40-block-vocabulary/10-text-and-media/10-rich-text/10-paragraph,3
"block unit","block",10-system-design/40-block-vocabulary/10-text-and-media/10-rich-text/11-heading,1
"block unit","block",10-system-design/40-block-vocabulary/10-text-and-media/10-rich-text/12-list-item,4
"block unit","block",10-system-design/40-block-vocabulary/10-text-and-media/10-rich-text/14-callout,8
"block unit","block",10-system-design/40-block-vocabulary/10-text-and-media/10-rich-text/15-divider,3
"block unit","block",10-system-design/40-block-vocabulary/10-text-and-media/10-rich-text/16-image,5
"block unit","block",10-system-design/40-block-vocabulary/10-text-and-media/10-rich-text/17-video,5
"block unit","block",10-system-design/40-block-vocabulary/10-text-and-media/10-rich-text/18-html,8
"block unit","block",10-system-design/40-block-vocabulary/10-text-and-media/10-rich-text/19-image-grid,3
"block unit","block",10-system-design/40-block-vocabulary/10-text-and-media/10-rich-text,7
"block unit","block",10-system-design/40-block-vocabulary/10-text-and-media,2
"block unit","block",10-system-design/40-block-vocabulary/20-code/10-code-block,23
"block unit","block",10-system-design/40-block-vocabulary/20-code/20-pseudocode,8
"block unit","block",10-system-design/40-block-vocabulary/20-code,3
"block unit","block",10-system-design/40-block-vocabulary/30-trees-and-paths/10-file-tree,5
"block unit","block",10-system-design/40-block-vocabulary/30-trees-and-paths/20-file-explorer,2
"block unit","block",10-system-design/40-block-vocabulary/30-trees-and-paths/30-call-stack,2
"block unit","block",10-system-design/40-block-vocabulary/30-trees-and-paths/40-component-tree,1
"block unit","block",10-system-design/40-block-vocabulary/30-trees-and-paths,2
"block unit","block",10-system-design/40-block-vocabulary/40-structured-reference/10-state-shape,11
"block unit","block",10-system-design/40-block-vocabulary/40-structured-reference/20-interaction-surface,10
"block unit","block",10-system-design/40-block-vocabulary/40-structured-reference/30-structured-table,10
"block unit","block",10-system-design/40-block-vocabulary/40-structured-reference,2
"block unit","block",10-system-design/40-block-vocabulary/50-flow-and-diagrams/10-process-outline,11
"block unit","block",10-system-design/40-block-vocabulary/50-flow-and-diagrams/20-flow-strip,1
"block unit","block",10-system-design/40-block-vocabulary/50-flow-and-diagrams/30-stack,2
"block unit","block",10-system-design/40-block-vocabulary/50-flow-and-diagrams/40-sequence,13
"block unit","block",10-system-design/40-block-vocabulary/50-flow-and-diagrams/50-canvas,10
"block unit","block",10-system-design/40-block-vocabulary/50-flow-and-diagrams,2
"block unit","block",10-system-design/40-block-vocabulary,8
"block unit","block",10-system-design/50-editor-design/10-reading-surface,7
"block unit","block",10-system-design/50-editor-design/20-editing-interactions/10-typing-model,26
"block unit","block",10-system-design/50-editor-design/20-editing-interactions/20-slash-menu,15
"block unit","block",10-system-design/50-editor-design/20-editing-interactions/30-selection-and-movement,29
"block unit","block",10-system-design/50-editor-design/20-editing-interactions/40-in-place-editing,11
"block unit","block",10-system-design/50-editor-design/20-editing-interactions,5
"block unit","block",10-system-design/50-editor-design/30-style-rail,4
"block unit","block",10-system-design/50-editor-design/40-visual-system/10-tokens,5
"block unit","block",10-system-design/50-editor-design/40-visual-system/20-typography-and-fonts,1
"block unit","block",10-system-design/50-editor-design/40-visual-system/30-themes,1
"block unit","block",10-system-design/50-editor-design/40-visual-system/40-code-colors,2
"block unit","block",10-system-design/50-editor-design/50-canvas-and-media,4
"block unit","block",10-system-design/50-editor-design,2
"block unit","block",10-system-design,10
"block unit","block",30-implementation/10-packages/10-docs-model,8
"block unit","block",30-implementation/10-packages/40-docs-viewer,5
"block unit","block",30-implementation/10-packages/50-docs-workbench,1
"block unit","block",30-implementation/10-packages/80-external-canvas,1
"block unit","block",30-implementation/10-packages/85-docs-mcp,5
"block unit","block",30-implementation/10-packages/90-docs-publish,6
"block unit","block",30-implementation/20-workbench,7
"block unit","block",30-implementation/40-theming/10-system-ui,1
"block unit","block",30-implementation/40-theming,2
"block unit","block",40-guides/10-docs-mcp/40-recovery,1
"block unit","block",40-guides/10-docs-mcp/50-document-management,4
"block unit","block",40-guides/40-export-pdf,2
"block unit","block",40-guides/50-deploy-github-pages,2
"block unit","block",99-appendix/10-style-guide/10-writing-style,1
"block unit","block",99-appendix/10-style-guide/20-structure,1
"block unit","component",00-foundation/10-design-principles,1
"block unit","component",10-system-design/10-doc-standards/80-authoring-lints,2
"block unit","component",10-system-design/20-translation-layer/10-human-surface,2
"block unit","component",10-system-design/20-translation-layer,2
"block unit","component",10-system-design/30-data-model/20-block-design/30-doc-renderer,4
"block unit","component",10-system-design/30-data-model/20-block-design/50-theming,4
"block unit","component",10-system-design/30-data-model/20-block-design,5
"block unit","component",10-system-design/30-data-model/30-annotations,1
"block unit","component",10-system-design/30-data-model/50-mutation-model,7
"block unit","component",10-system-design/30-data-model,1
"block unit","component",10-system-design/40-block-vocabulary/10-text-and-media/10-rich-text/16-image,1
"block unit","component",10-system-design/40-block-vocabulary/10-text-and-media/10-rich-text/17-video,1
"block unit","component",10-system-design/40-block-vocabulary/10-text-and-media/10-rich-text/18-html,2
"block unit","component",10-system-design/40-block-vocabulary/10-text-and-media/10-rich-text/19-image-grid,1
"block unit","component",10-system-design/40-block-vocabulary/10-text-and-media/10-rich-text,3
"block unit","component",10-system-design/40-block-vocabulary/20-code/10-code-block,4
"block unit","component",10-system-design/40-block-vocabulary/20-code/20-pseudocode,1
"block unit","component",10-system-design/40-block-vocabulary/30-trees-and-paths/10-file-tree,2
"block unit","component",10-system-design/40-block-vocabulary/30-trees-and-paths/20-file-explorer,1
"block unit","component",10-system-design/40-block-vocabulary/30-trees-and-paths/30-call-stack,3
"block unit","component",10-system-design/40-block-vocabulary/30-trees-and-paths/40-component-tree,7
"block unit","component",10-system-design/40-block-vocabulary/30-trees-and-paths,2
"block unit","component",10-system-design/40-block-vocabulary/40-structured-reference/10-state-shape,3
"block unit","component",10-system-design/40-block-vocabulary/40-structured-reference/20-interaction-surface,3
"block unit","component",10-system-design/40-block-vocabulary/40-structured-reference/30-structured-table,1
"block unit","component",10-system-design/40-block-vocabulary/50-flow-and-diagrams/10-process-outline,6
"block unit","component",10-system-design/40-block-vocabulary/50-flow-and-diagrams/20-flow-strip,1
"block unit","component",10-system-design/40-block-vocabulary/50-flow-and-diagrams/30-stack,1
"block unit","component",10-system-design/40-block-vocabulary/50-flow-and-diagrams/40-sequence,3
"block unit","component",10-system-design/40-block-vocabulary/50-flow-and-diagrams/50-canvas,3
"block unit","component",10-system-design/40-block-vocabulary,7
"block unit","component",10-system-design/50-editor-design/20-editing-interactions/10-typing-model,2
"block unit","component",10-system-design/50-editor-design/20-editing-interactions/30-selection-and-movement,1
"block unit","component",10-system-design/50-editor-design/20-editing-interactions,1
"block unit","component",10-system-design/50-editor-design/30-style-rail,7
"block unit","component",10-system-design/50-editor-design/40-visual-system/10-tokens,5
"block unit","component",10-system-design/50-editor-design/40-visual-system/20-typography-and-fonts,2
"block unit","component",10-system-design/50-editor-design/40-visual-system/30-themes,7
"block unit","component",10-system-design/50-editor-design/40-visual-system/40-code-colors,14
"block unit","component",10-system-design/50-editor-design/40-visual-system,1
"block unit","component",30-implementation/10-packages/10-docs-model,10
"block unit","component",30-implementation/10-packages/40-docs-viewer,6
"block unit","component",30-implementation/10-packages/50-docs-workbench,2
"block unit","component",30-implementation/10-packages/85-docs-mcp,10
"block unit","component",30-implementation/10-packages/90-docs-publish,2
"block unit","component",30-implementation/10-packages,1
"block unit","component",30-implementation/40-theming/10-system-ui,5
"block unit","component",30-implementation/40-theming,9
"block unit","component",30-implementation,1
"block unit","component",40-guides/10-docs-mcp/20-skills,17
"block unit","component",40-guides/10-docs-mcp/30-sync,1
"block unit","component",40-guides/10-docs-mcp/40-recovery,4
"block unit","component",40-guides/10-docs-mcp/50-document-management,6
"block unit","component",99-appendix/10-style-guide/20-structure,1
"block unit","element",10-system-design/30-data-model/20-block-design,1
"block unit","element",10-system-design/30-data-model/30-annotations,2
"block unit","element",10-system-design/40-block-vocabulary/10-text-and-media/10-rich-text/17-video,1
"block unit","element",10-system-design/40-block-vocabulary/20-code/10-code-block,2
"block unit","element",10-system-design/40-block-vocabulary/40-structured-reference/10-state-shape,4
"block unit","element",10-system-design/40-block-vocabulary/40-structured-reference/20-interaction-surface,1
"block unit","element",10-system-design/40-block-vocabulary/40-structured-reference/30-structured-table,1
"block unit","element",10-system-design/40-block-vocabulary/50-flow-and-diagrams/10-process-outline,5
"block unit","element",10-system-design/40-block-vocabulary/50-flow-and-diagrams/40-sequence,3
"block unit","element",10-system-design/40-block-vocabulary/50-flow-and-diagrams/50-canvas,1
"block unit","element",10-system-design/40-block-vocabulary,2
"block unit","element",10-system-design/50-editor-design/20-editing-interactions/30-selection-and-movement,1
"block unit","element",30-implementation/10-packages/10-docs-model,1
"block unit","element",30-implementation/10-packages/90-docs-publish,2
"block unit","element",30-implementation/40-theming,2
"block unit","node",00-foundation/10-design-principles,1
"block unit","node",10-system-design/30-data-model/20-block-design/30-doc-renderer,1
"block unit","node",10-system-design/30-data-model/20-block-design,2
"block unit","node",10-system-design/40-block-vocabulary/10-text-and-media/10-rich-text/15-divider,1
"block unit","node",10-system-design/40-block-vocabulary/10-text-and-media/10-rich-text/16-image,1
"block unit","node",10-system-design/40-block-vocabulary/10-text-and-media/10-rich-text/17-video,1
"block unit","node",10-system-design/40-block-vocabulary/20-code/10-code-block,2
"block unit","node",10-system-design/40-block-vocabulary/30-trees-and-paths/10-file-tree,4
"block unit","node",10-system-design/40-block-vocabulary/30-trees-and-paths/40-component-tree,7
"block unit","node",10-system-design/40-block-vocabulary/40-structured-reference/10-state-shape,4
"block unit","node",10-system-design/40-block-vocabulary/40-structured-reference/20-interaction-surface,7
"block unit","node",10-system-design/40-block-vocabulary/40-structured-reference/30-structured-table,1
"block unit","node",10-system-design/40-block-vocabulary/50-flow-and-diagrams/10-process-outline,2
"block unit","node",10-system-design/40-block-vocabulary/50-flow-and-diagrams/30-stack,14
"block unit","node",10-system-design/40-block-vocabulary/50-flow-and-diagrams/40-sequence,1
"block unit","node",10-system-design/40-block-vocabulary/50-flow-and-diagrams/50-canvas,1
"block unit","node",10-system-design/40-block-vocabulary,2
"block unit","node",10-system-design/50-editor-design/20-editing-interactions/10-typing-model,1
"block unit","node",10-system-design/50-editor-design/20-editing-interactions/30-selection-and-movement,2
"block unit","node",10-system-design/50-editor-design/20-editing-interactions/40-in-place-editing,9
"block unit","node",10-system-design/50-editor-design/20-editing-interactions,1
"block unit","node",10-system-design/70-central-docs-service,2
"block unit","node",30-implementation/10-packages/40-docs-viewer,3
"block unit","node",30-implementation/10-packages/85-docs-mcp,1
"block unit","node",30-implementation/10-packages/90-docs-publish,2
"block unit","widget",30-implementation/10-packages/90-docs-publish,4
"side file","sidecar",10-system-design/30-data-model/30-annotations,9
"side file","sidecar",10-system-design/30-data-model/40-serialization,1
"side file","sidecar",10-system-design/30-data-model/50-mutation-model,2
"side file","sidecar",10-system-design/30-data-model/60-change-sets,3
"side file","sidecar",10-system-design/30-data-model,2
"side file","sidecar",10-system-design/40-block-vocabulary/10-text-and-media/10-rich-text/18-html,1
"side file","sidecar",10-system-design/40-block-vocabulary/50-flow-and-diagrams/40-sequence,4
"side file","sidecar",10-system-design/40-block-vocabulary/50-flow-and-diagrams/50-canvas,6
"side file","sidecar",10-system-design/50-editor-design/10-reading-surface,2
"side file","sidecar",10-system-design/50-editor-design/50-canvas-and-media,5
"side file","sidecar",30-implementation/10-packages/10-docs-model,1
"side file","sidecar",30-implementation/10-packages/20-docs-index,1
"side file","sidecar",30-implementation/10-packages/80-external-canvas,3
"side file","sidecar",40-guides/10-docs-mcp/40-recovery,2
"side file","sidecar",40-guides/10-docs-mcp/50-document-management,2
"side file","sidecar",40-guides/40-export-pdf,2
"side file","asset",10-system-design/10-doc-standards/80-authoring-lints,2
"side file","asset",10-system-design/40-block-vocabulary/10-text-and-media/10-rich-text/16-image,4
"side file","asset",10-system-design/40-block-vocabulary/10-text-and-media/10-rich-text/17-video,4
"side file","asset",10-system-design/40-block-vocabulary/10-text-and-media/10-rich-text/18-html,1
"side file","asset",10-system-design/40-block-vocabulary/10-text-and-media/10-rich-text/19-image-grid,5
"side file","asset",10-system-design/40-block-vocabulary/10-text-and-media/10-rich-text,2
"side file","asset",10-system-design/40-block-vocabulary/50-flow-and-diagrams/40-sequence,1
"side file","asset",10-system-design/40-block-vocabulary/50-flow-and-diagrams/50-canvas,2
"side file","asset",10-system-design/40-block-vocabulary,1
"side file","asset",10-system-design/50-editor-design/10-reading-surface,1
"side file","asset",10-system-design/50-editor-design,1
"side file","asset",10-system-design/60-product-versioning,2
"side file","asset",30-implementation/10-packages/40-docs-viewer,1
"side file","asset",30-implementation/10-packages/85-docs-mcp,3
"side file","asset",30-implementation/10-packages/90-docs-publish,7
"side file","asset",30-implementation/20-workbench,1
"side file","asset",40-guides/10-docs-mcp/40-recovery,3
"side file","asset",40-guides/10-docs-mcp/50-document-management,14
"side file","asset",40-guides/10-docs-mcp,1
"side file","asset",40-guides/20-release-core-products,3
"side file","asset",40-guides/50-deploy-github-pages,4
"side file","attachment",30-implementation/10-packages/90-docs-publish,1
"side file","attachment",40-guides/10-docs-mcp/50-document-management,1
"side file","payload",10-system-design/10-doc-standards/80-authoring-lints,1
"side file","payload",10-system-design/30-data-model/50-mutation-model/20-copy-paste,3
"side file","payload",10-system-design/30-data-model/50-mutation-model,1
"side file","payload",10-system-design/40-block-vocabulary/10-text-and-media/10-rich-text,3
"side file","payload",10-system-design/40-block-vocabulary/20-code/10-code-block,2
"side file","payload",10-system-design/40-block-vocabulary/30-trees-and-paths/10-file-tree,1
"side file","payload",10-system-design/40-block-vocabulary/40-structured-reference/10-state-shape,1
"side file","payload",10-system-design/40-block-vocabulary/40-structured-reference/20-interaction-surface,3
"side file","payload",10-system-design/40-block-vocabulary/40-structured-reference/30-structured-table,1
"side file","payload",10-system-design/40-block-vocabulary/50-flow-and-diagrams/40-sequence,2
"side file","payload",10-system-design/40-block-vocabulary/50-flow-and-diagrams/50-canvas,1
"side file","payload",10-system-design/50-editor-design/40-visual-system/30-themes,1
"side file","payload",40-guides/40-export-pdf,1
"lint result","lint",10-system-design/10-doc-standards/80-authoring-lints,8
"lint result","lint",10-system-design/40-block-vocabulary/50-flow-and-diagrams/10-process-outline,1
"lint result","lint",30-implementation/10-packages/85-docs-mcp,4
"lint result","lint",40-guides/10-docs-mcp/40-recovery,2
"lint result","lint",99-appendix/10-style-guide/10-writing-style,1
"lint result","rule",10-system-design/10-doc-standards/10-structure,4
"lint result","rule",10-system-design/10-doc-standards/20-numbering,1
"lint result","rule",10-system-design/10-doc-standards/30-cross-doc-linking,3
"lint result","rule",10-system-design/10-doc-standards/40-code-linking,1
"lint result","rule",10-system-design/10-doc-standards/50-in-code-docs,4
"lint result","rule",10-system-design/10-doc-standards/60-implementation-layer,7
"lint result","rule",10-system-design/10-doc-standards/70-document-purpose,3
"lint result","rule",10-system-design/10-doc-standards/80-authoring-lints,23
"lint result","rule",10-system-design/10-doc-standards,4
"lint result","rule",10-system-design/30-data-model/20-block-design/10-state-schema,1
"lint result","rule",10-system-design/30-data-model/20-block-design/20-typed-actions,1
"lint result","rule",10-system-design/30-data-model/20-block-design/30-doc-renderer,1
"lint result","rule",10-system-design/30-data-model/20-block-design/40-agent-renderer,1
"lint result","rule",10-system-design/30-data-model/20-block-design/50-theming,1
"lint result","rule",10-system-design/30-data-model/30-annotations,2
"lint result","rule",10-system-design/30-data-model/50-mutation-model/10-undo-redo,2
"lint result","rule",10-system-design/30-data-model/50-mutation-model/20-copy-paste,1
"lint result","rule",10-system-design/30-data-model/50-mutation-model,1
"lint result","rule",10-system-design/30-data-model/60-change-sets,1
"lint result","rule",10-system-design/40-block-vocabulary/10-text-and-media/10-rich-text/10-paragraph,1
"lint result","rule",10-system-design/40-block-vocabulary/10-text-and-media/10-rich-text/11-heading,2
"lint result","rule",10-system-design/40-block-vocabulary/10-text-and-media/10-rich-text/12-list-item,1
"lint result","rule",10-system-design/40-block-vocabulary/10-text-and-media/10-rich-text/14-callout,6
"lint result","rule",10-system-design/40-block-vocabulary/10-text-and-media/10-rich-text/15-divider,4
"lint result","rule",10-system-design/40-block-vocabulary/10-text-and-media/10-rich-text,2
"lint result","rule",10-system-design/40-block-vocabulary/10-text-and-media,1
"lint result","rule",10-system-design/40-block-vocabulary/20-code/10-code-block,11
"lint result","rule",10-system-design/40-block-vocabulary/30-trees-and-paths/10-file-tree,1
"lint result","rule",10-system-design/40-block-vocabulary/40-structured-reference/10-state-shape,6
"lint result","rule",10-system-design/40-block-vocabulary/40-structured-reference/20-interaction-surface,1
"lint result","rule",10-system-design/40-block-vocabulary/40-structured-reference/30-structured-table,21
"lint result","rule",10-system-design/40-block-vocabulary/50-flow-and-diagrams/10-process-outline,6
"lint result","rule",10-system-design/40-block-vocabulary/50-flow-and-diagrams/30-stack,1
"lint result","rule",10-system-design/40-block-vocabulary/50-flow-and-diagrams/50-canvas,1
"lint result","rule",10-system-design/40-block-vocabulary/50-flow-and-diagrams,1
"lint result","rule",10-system-design/40-block-vocabulary,2
"lint result","rule",10-system-design/50-editor-design/10-reading-surface,1
"lint result","rule",10-system-design/50-editor-design/20-editing-interactions/10-typing-model,3
"lint result","rule",10-system-design/50-editor-design/20-editing-interactions/20-slash-menu,1
"lint result","rule",10-system-design/50-editor-design/20-editing-interactions/30-selection-and-movement,1
"lint result","rule",10-system-design/50-editor-design/20-editing-interactions/40-in-place-editing,1
"lint result","rule",10-system-design/50-editor-design/30-style-rail,1
"lint result","rule",10-system-design/50-editor-design/40-visual-system/10-tokens,3
"lint result","rule",10-system-design/50-editor-design/40-visual-system/20-typography-and-fonts,2
"lint result","rule",10-system-design/50-editor-design/40-visual-system/30-themes,1
"lint result","rule",10-system-design/50-editor-design/40-visual-system/40-code-colors,2
"lint result","rule",10-system-design/50-editor-design/50-canvas-and-media,1
"lint result","rule",10-system-design/60-product-versioning,1
"lint result","rule",10-system-design/70-central-docs-service,2
"lint result","rule",10-system-design,2
"lint result","rule",30-implementation/10-packages/40-docs-viewer,1
"lint result","rule",30-implementation/10-packages/50-docs-workbench,1
"lint result","rule",30-implementation/10-packages/70-framework,2
"lint result","rule",30-implementation/10-packages/85-docs-mcp,10
"lint result","rule",30-implementation/10-packages,1
"lint result","rule",30-implementation/20-workbench,1
"lint result","rule",40-guides/10-docs-mcp/20-skills,3
"lint result","rule",40-guides/10-docs-mcp/40-recovery,1
"lint result","rule",40-guides/60-shared-env,2
"lint result","rule",99-appendix/10-style-guide/10-writing-style,1
"lint result","rule",99-appendix/10-style-guide/20-structure,1
"lint result","check",10-system-design/10-doc-standards/80-authoring-lints,14
"lint result","check",10-system-design/10-doc-standards,2
"lint result","check",10-system-design/30-data-model/10-document-tree,1
"lint result","check",10-system-design/30-data-model/20-block-design/10-state-schema,1
"lint result","check",10-system-design/30-data-model/30-annotations,3
"lint result","check",10-system-design/30-data-model/50-mutation-model,2
"lint result","check",10-system-design/30-data-model/60-change-sets,1
"lint result","check",10-system-design/40-block-vocabulary/20-code/10-code-block,2
"lint result","check",10-system-design/40-block-vocabulary/30-trees-and-paths/30-call-stack,1
"lint result","check",10-system-design/40-block-vocabulary/40-structured-reference/10-state-shape,1
"lint result","check",10-system-design/40-block-vocabulary/40-structured-reference/30-structured-table,2
"lint result","check",10-system-design/40-block-vocabulary/50-flow-and-diagrams/10-process-outline,1
"lint result","check",10-system-design/40-block-vocabulary/50-flow-and-diagrams/20-flow-strip,1
"lint result","check",10-system-design/40-block-vocabulary/50-flow-and-diagrams/40-sequence,1
"lint result","check",10-system-design/40-block-vocabulary/50-flow-and-diagrams/50-canvas,2
"lint result","check",10-system-design/70-central-docs-service,1
"lint result","check",30-implementation/10-packages/20-docs-index,2
"lint result","check",30-implementation/10-packages/30-docs-server,1
"lint result","check",30-implementation/10-packages/60-docs-cli,1
"lint result","check",30-implementation/10-packages/85-docs-mcp,2
"lint result","check",30-implementation/10-packages/90-docs-publish,2
"lint result","check",30-implementation/10-packages,2
"lint result","check",40-guides/10-docs-mcp/10-setup,1
"lint result","check",40-guides/10-docs-mcp/30-sync,1
"lint result","check",40-guides/10-docs-mcp/40-recovery,4
"lint result","check",40-guides/10-docs-mcp/50-document-management,2
"lint result","check",40-guides/10-docs-mcp,1
"lint result","check",40-guides/20-release-core-products,1
"lint result","check",40-guides/40-export-pdf,1
"lint result","check",40-guides/50-deploy-github-pages,2
"lint result","check",99-appendix/10-style-guide/10-writing-style,6
"lint result","finding",10-system-design/10-doc-standards/60-implementation-layer,1
"lint result","finding",10-system-design/10-doc-standards/80-authoring-lints,16
"lint result","finding",10-system-design/10-doc-standards,1
"lint result","finding",10-system-design/40-block-vocabulary/50-flow-and-diagrams/20-flow-strip,1
"lint result","finding",30-implementation/10-packages/85-docs-mcp,2
"lint result","finding",40-guides/10-docs-mcp/40-recovery,2
"lint result","finding",99-appendix/10-style-guide/10-writing-style,1
"lint result","violation",10-system-design/10-doc-standards/20-numbering,1
"lint result","violation",10-system-design/10-doc-standards/80-authoring-lints,3
"lint result","violation",10-system-design/40-block-vocabulary/50-flow-and-diagrams/20-flow-strip,1
"lint result","violation",30-implementation/10-packages/85-docs-mcp,1
"lint result","warning",10-system-design/10-doc-standards/80-authoring-lints,9
"lint result","warning",10-system-design/10-doc-standards,1
"lint result","warning",10-system-design/40-block-vocabulary/10-text-and-media/10-rich-text/14-callout,5
"lint result","warning",10-system-design/40-block-vocabulary/10-text-and-media/10-rich-text/19-image-grid,1
"lint result","warning",30-implementation/10-packages/60-docs-cli,1
"lint result","warning",30-implementation/10-packages/85-docs-mcp,2
"lint result","warning",40-guides/10-docs-mcp/10-setup,1
"lint result","warning",40-guides/10-docs-mcp/40-recovery,2
"lint result","warning",99-appendix/10-style-guide/10-writing-style,1
"lint result","diagnostic",10-system-design/10-doc-standards/80-authoring-lints,1
"lint result","diagnostic",30-implementation/10-packages/85-docs-mcp,1
"lint result","diagnostic",40-guides/10-docs-mcp/40-recovery,1
"lint result","diagnostic",40-guides/30-run-central-docs,1
"lint result","issue",00-foundation/00-manifesto,1
"lint result","issue",10-system-design/20-translation-layer,3
"lint result","issue",10-system-design/30-data-model/10-document-tree,2
"lint result","issue",10-system-design/30-data-model/30-annotations,1
"lint result","issue",10-system-design/30-data-model/50-mutation-model,2
"lint result","issue",10-system-design/40-block-vocabulary/20-code/10-code-block,1
"lint result","issue",10-system-design/40-block-vocabulary/50-flow-and-diagrams/10-process-outline,1
"lint result","issue",40-guides/40-export-pdf,1
"lint result","issue",99-appendix/10-style-guide/10-writing-style,1
"machine actor","agent",00-foundation/00-manifesto,6
"machine actor","agent",00-foundation/10-design-principles,5
"machine actor","agent",00-foundation,1
"machine actor","agent",10-system-design/10-doc-standards/10-structure,6
"machine actor","agent",10-system-design/10-doc-standards/20-numbering,3
"machine actor","agent",10-system-design/10-doc-standards/60-implementation-layer,6
"machine actor","agent",10-system-design/10-doc-standards/70-document-purpose,2
"machine actor","agent",10-system-design/10-doc-standards/80-authoring-lints,3
"machine actor","agent",10-system-design/10-doc-standards,6
"machine actor","agent",10-system-design/20-translation-layer/10-human-surface,1
"machine actor","agent",10-system-design/20-translation-layer/20-agent-surface,4
"machine actor","agent",10-system-design/20-translation-layer,4
"machine actor","agent",10-system-design/30-data-model/20-block-design/10-state-schema,2
"machine actor","agent",10-system-design/30-data-model/20-block-design/20-typed-actions,1
"machine actor","agent",10-system-design/30-data-model/20-block-design/40-agent-renderer,8
"machine actor","agent",10-system-design/30-data-model/20-block-design/60-agent-adapter,7
"machine actor","agent",10-system-design/30-data-model/20-block-design,6
"machine actor","agent",10-system-design/30-data-model/30-annotations,10
"machine actor","agent",10-system-design/30-data-model/40-serialization,1
"machine actor","agent",10-system-design/30-data-model/50-mutation-model/10-undo-redo,4
"machine actor","agent",10-system-design/30-data-model/50-mutation-model,3
"machine actor","agent",10-system-design/30-data-model/60-change-sets,1
"machine actor","agent",10-system-design/30-data-model,3
"machine actor","agent",10-system-design/40-block-vocabulary/10-text-and-media/10-rich-text/10-paragraph,3
"machine actor","agent",10-system-design/40-block-vocabulary/10-text-and-media/10-rich-text/11-heading,3
"machine actor","agent",10-system-design/40-block-vocabulary/10-text-and-media/10-rich-text/12-list-item,2
"machine actor","agent",10-system-design/40-block-vocabulary/10-text-and-media/10-rich-text/14-callout,8
"machine actor","agent",10-system-design/40-block-vocabulary/10-text-and-media/10-rich-text/15-divider,2
"machine actor","agent",10-system-design/40-block-vocabulary/10-text-and-media/10-rich-text/16-image,8
"machine actor","agent",10-system-design/40-block-vocabulary/10-text-and-media/10-rich-text/17-video,5
"machine actor","agent",10-system-design/40-block-vocabulary/10-text-and-media/10-rich-text/18-html,3
"machine actor","agent",10-system-design/40-block-vocabulary/10-text-and-media/10-rich-text/19-image-grid,2
"machine actor","agent",10-system-design/40-block-vocabulary/10-text-and-media/10-rich-text,5
"machine actor","agent",10-system-design/40-block-vocabulary/20-code/10-code-block,5
"machine actor","agent",10-system-design/40-block-vocabulary/20-code/20-pseudocode,1
"machine actor","agent",10-system-design/40-block-vocabulary/30-trees-and-paths/10-file-tree,7
"machine actor","agent",10-system-design/40-block-vocabulary/30-trees-and-paths/20-file-explorer,1
"machine actor","agent",10-system-design/40-block-vocabulary/30-trees-and-paths/30-call-stack,1
"machine actor","agent",10-system-design/40-block-vocabulary/30-trees-and-paths/40-component-tree,1
"machine actor","agent",10-system-design/40-block-vocabulary/40-structured-reference/10-state-shape,4
"machine actor","agent",10-system-design/40-block-vocabulary/40-structured-reference/20-interaction-surface,7
"machine actor","agent",10-system-design/40-block-vocabulary/40-structured-reference/30-structured-table,8
"machine actor","agent",10-system-design/40-block-vocabulary/40-structured-reference,1
"machine actor","agent",10-system-design/40-block-vocabulary/50-flow-and-diagrams/10-process-outline,6
"machine actor","agent",10-system-design/40-block-vocabulary/50-flow-and-diagrams/20-flow-strip,1
"machine actor","agent",10-system-design/40-block-vocabulary/50-flow-and-diagrams/30-stack,3
"machine actor","agent",10-system-design/40-block-vocabulary/50-flow-and-diagrams/40-sequence,11
"machine actor","agent",10-system-design/40-block-vocabulary/50-flow-and-diagrams/50-canvas,7
"machine actor","agent",10-system-design/40-block-vocabulary,4
"machine actor","agent",10-system-design/50-editor-design/20-editing-interactions/20-slash-menu,1
"machine actor","agent",10-system-design/50-editor-design/40-visual-system/40-code-colors,1
"machine actor","agent",10-system-design/50-editor-design/50-canvas-and-media,1
"machine actor","agent",10-system-design/60-product-versioning,1
"machine actor","agent",10-system-design,1
"machine actor","agent",30-implementation/10-packages/10-docs-model,5
"machine actor","agent",30-implementation/10-packages/30-docs-server,2
"machine actor","agent",30-implementation/10-packages/60-docs-cli,3
"machine actor","agent",30-implementation/10-packages/70-framework,7
"machine actor","agent",30-implementation/10-packages/80-external-canvas,2
"machine actor","agent",30-implementation/10-packages/85-docs-mcp,4
"machine actor","agent",30-implementation/10-packages,4
"machine actor","agent",30-implementation,3
"machine actor","agent",40-guides/10-docs-mcp/10-setup,4
"machine actor","agent",40-guides/10-docs-mcp/20-skills,7
"machine actor","agent",40-guides/10-docs-mcp/30-sync,1
"machine actor","agent",40-guides/10-docs-mcp/40-recovery,2
"machine actor","agent",40-guides/10-docs-mcp/50-document-management,2
"machine actor","agent",40-guides/10-docs-mcp,1
"machine actor","agent",40-guides/60-shared-env,1
"machine actor","agent",99-appendix/10-style-guide,1
"machine actor","model",00-foundation/00-manifesto,1
"machine actor","model",10-system-design/10-doc-standards/60-implementation-layer,1
"machine actor","model",10-system-design/10-doc-standards/80-authoring-lints,5
"machine actor","model",10-system-design/20-translation-layer,1
"machine actor","model",10-system-design/30-data-model/50-mutation-model,5
"machine actor","model",10-system-design/30-data-model/60-change-sets,1
"machine actor","model",10-system-design/30-data-model,3
"machine actor","model",10-system-design/40-block-vocabulary/10-text-and-media/10-rich-text,4
"machine actor","model",10-system-design/40-block-vocabulary/10-text-and-media,1
"machine actor","model",10-system-design/40-block-vocabulary/40-structured-reference/20-interaction-surface,2
"machine actor","model",10-system-design/40-block-vocabulary/50-flow-and-diagrams/40-sequence,1
"machine actor","model",10-system-design/40-block-vocabulary/50-flow-and-diagrams/50-canvas,2
"machine actor","model",10-system-design/40-block-vocabulary,2
"machine actor","model",10-system-design/50-editor-design/20-editing-interactions/10-typing-model,1
"machine actor","model",10-system-design/50-editor-design/20-editing-interactions/20-slash-menu,2
"machine actor","model",10-system-design/50-editor-design/20-editing-interactions/30-selection-and-movement,1
"machine actor","model",10-system-design/50-editor-design/30-style-rail,2
"machine actor","model",30-implementation/10-packages/10-docs-model,3
"machine actor","model",30-implementation/10-packages/30-docs-server,1
"machine actor","model",30-implementation/10-packages/40-docs-viewer,6
"machine actor","model",30-implementation/10-packages/80-external-canvas,6
"machine actor","model",30-implementation/10-packages/85-docs-mcp,3
"machine actor","model",30-implementation/10-packages/90-docs-publish,1
"machine actor","model",30-implementation/10-packages,7
"machine actor","model",30-implementation/20-workbench,2
"machine actor","model",30-implementation,2
"machine actor","model",40-guides/10-docs-mcp/20-skills,1
"machine actor","model",40-guides/10-docs-mcp/30-sync,1
"machine actor","model",40-guides/10-docs-mcp/40-recovery,2
"machine actor","model",40-guides/10-docs-mcp/50-document-management,1
"machine actor","AI",00-foundation/00-manifesto,5
"machine actor","AI",10-system-design/20-translation-layer,2
"machine actor","AI",40-guides/50-deploy-github-pages,5
"machine actor","worker",10-system-design/40-block-vocabulary/50-flow-and-diagrams/10-process-outline,8
"machine actor","worker",30-implementation/20-workbench,1
"machine actor","Claude",30-implementation/10-packages/70-framework,1
"machine actor","Claude",30-implementation/10-packages/85-docs-mcp,2
"machine actor","Claude",40-guides/10-docs-mcp/10-setup,3
"machine actor","Claude",40-guides/10-docs-mcp/40-recovery,1
"machine actor","Claude",40-guides/10-docs-mcp,1
"machine actor","Claude",40-guides/60-shared-env,1
"human actor","human",00-foundation/10-design-principles,3
"human actor","human",00-foundation,1
"human actor","human",10-system-design/10-doc-standards/10-structure,1
"human actor","human",10-system-design/10-doc-standards/20-numbering,2
"human actor","human",10-system-design/10-doc-standards/80-authoring-lints,1
"human actor","human",10-system-design/10-doc-standards,1
"human actor","human",10-system-design/20-translation-layer/10-human-surface,7
"human actor","human",10-system-design/20-translation-layer,6
"human actor","human",10-system-design/30-data-model/20-block-design/30-doc-renderer,3
"human actor","human",10-system-design/30-data-model/20-block-design/40-agent-renderer,1
"human actor","human",10-system-design/30-data-model/20-block-design,1
"human actor","human",10-system-design/30-data-model/30-annotations,2
"human actor","human",10-system-design/30-data-model/50-mutation-model/10-undo-redo,2
"human actor","human",10-system-design/30-data-model/50-mutation-model/20-copy-paste,1
"human actor","human",10-system-design/30-data-model,1
"human actor","human",10-system-design/40-block-vocabulary/40-structured-reference/20-interaction-surface,1
"human actor","human",10-system-design/40-block-vocabulary/50-flow-and-diagrams/40-sequence,1
"human actor","human",10-system-design/50-editor-design/20-editing-interactions,1
"human actor","human",10-system-design/50-editor-design,1
"human actor","human",10-system-design,1
"human actor","human",30-implementation/10-packages/60-docs-cli,1
"human actor","human",99-appendix/10-style-guide/10-writing-style,1
"human actor","human",99-appendix/10-style-guide,1
"human actor","user",00-foundation/00-manifesto,1
"human actor","user",10-system-design/20-translation-layer/10-human-surface,1
"human actor","user",10-system-design/30-data-model/50-mutation-model,1
"human actor","user",10-system-design/50-editor-design/20-editing-interactions/20-slash-menu,1
"human actor","user",10-system-design/50-editor-design/30-style-rail,1
"human actor","user",10-system-design/50-editor-design/40-visual-system/30-themes,2
"human actor","user",10-system-design/70-central-docs-service,3
"human actor","user",40-guides/10-docs-mcp/30-sync,1
"human actor","user",40-guides/10-docs-mcp/40-recovery,4
"human actor","user",40-guides/30-run-central-docs,4
"human actor","user",40-guides/50-deploy-github-pages,1
"human actor","reader",00-foundation/00-manifesto,1
"human actor","reader",00-foundation/10-design-principles,4
"human actor","reader",00-foundation,1
"human actor","reader",10-system-design/10-doc-standards/10-structure,2
"human actor","reader",10-system-design/10-doc-standards/30-cross-doc-linking,3
"human actor","reader",10-system-design/10-doc-standards/40-code-linking,2
"human actor","reader",10-system-design/10-doc-standards/50-in-code-docs,3
"human actor","reader",10-system-design/10-doc-standards/60-implementation-layer,1
"human actor","reader",10-system-design/10-doc-standards/70-document-purpose,7
"human actor","reader",10-system-design/10-doc-standards,1
"human actor","reader",10-system-design/20-translation-layer/10-human-surface,1
"human actor","reader",10-system-design/20-translation-layer/20-agent-surface,1
"human actor","reader",10-system-design/20-translation-layer,5
"human actor","reader",10-system-design/30-data-model/20-block-design/40-agent-renderer,1
"human actor","reader",10-system-design/30-data-model/20-block-design,1
"human actor","reader",10-system-design/30-data-model/30-annotations,1
"human actor","reader",10-system-design/40-block-vocabulary/10-text-and-media/10-rich-text/19-image-grid,2
"human actor","reader",10-system-design/40-block-vocabulary/20-code/10-code-block,1
"human actor","reader",10-system-design/40-block-vocabulary/20-code/20-pseudocode,1
"human actor","reader",10-system-design/40-block-vocabulary/30-trees-and-paths/10-file-tree,1
"human actor","reader",10-system-design/40-block-vocabulary/40-structured-reference/10-state-shape,1
"human actor","reader",10-system-design/40-block-vocabulary/40-structured-reference/20-interaction-surface,2
"human actor","reader",10-system-design/40-block-vocabulary/50-flow-and-diagrams/10-process-outline,2
"human actor","reader",10-system-design/40-block-vocabulary/50-flow-and-diagrams/50-canvas,2
"human actor","reader",10-system-design/50-editor-design/10-reading-surface,1
"human actor","reader",10-system-design/50-editor-design/20-editing-interactions/10-typing-model,1
"human actor","reader",10-system-design/50-editor-design/50-canvas-and-media,3
"human actor","reader",10-system-design,3
"human actor","reader",30-implementation/10-packages/40-docs-viewer,1
"human actor","reader",30-implementation/40-theming/10-system-ui,3
"human actor","reader",30-implementation/40-theming,1
"human actor","reader",30-implementation,1
"human actor","reader",40-guides/40-export-pdf,1
"human actor","reader",40-guides/50-deploy-github-pages,1
"human actor","reader",40-guides/60-shared-env,1
"human actor","reader",99-appendix/10-style-guide/10-writing-style,6
"human actor","reader",99-appendix/10-style-guide/20-structure,3
"human actor","author",00-foundation/00-manifesto,1
"human actor","author",00-foundation/10-design-principles,1
"human actor","author",10-system-design/10-doc-standards/80-authoring-lints,2
"human actor","author",10-system-design/30-data-model/30-annotations,1
"human actor","author",10-system-design/40-block-vocabulary/10-text-and-media/10-rich-text/18-html,4
"human actor","author",10-system-design/40-block-vocabulary/20-code/10-code-block,1
"human actor","author",10-system-design/40-block-vocabulary/30-trees-and-paths/10-file-tree,1
"human actor","author",10-system-design/40-block-vocabulary/50-flow-and-diagrams/10-process-outline,1
"human actor","author",10-system-design/50-editor-design/50-canvas-and-media,1
"human actor","author",30-implementation/10-packages/85-docs-mcp,1
"human actor","author",30-implementation/20-workbench,1
"human actor","author",99-appendix/10-style-guide/10-writing-style,1
"human actor","writer",10-system-design/10-doc-standards/80-authoring-lints,3
"human actor","writer",10-system-design/20-translation-layer/20-agent-surface,1
"human actor","writer",10-system-design/30-data-model/50-mutation-model/10-undo-redo,2
"human actor","writer",10-system-design/30-data-model/50-mutation-model,4
"human actor","writer",30-implementation/10-packages/85-docs-mcp,1
"human actor","writer",30-implementation/40-theming/10-system-ui,2
"human actor","writer",30-implementation/40-theming,2
"human actor","writer",40-guides/10-docs-mcp/20-skills,1
"human actor","writer",99-appendix,1
"human actor","operator",10-system-design/10-doc-standards/10-structure,1
"human actor","operator",10-system-design/40-block-vocabulary/50-flow-and-diagrams/10-process-outline,2
"human actor","operator",10-system-design/50-editor-design/40-visual-system/40-code-colors,1
"human actor","person/people",00-foundation/00-manifesto,3
"human actor","person/people",00-foundation/10-design-principles,1
"human actor","person/people",10-system-design/10-doc-standards/20-numbering,1
"human actor","person/people",10-system-design/20-translation-layer,2
"human actor","person/people",10-system-design/30-data-model/30-annotations,1
"human actor","person/people",40-guides/50-deploy-github-pages,1
"human actor","person/people",99-appendix/10-style-guide/10-writing-style,1
"human actor","developer",99-appendix/10-style-guide/10-writing-style,1
"human actor","maintainer",99-appendix,1
"pending change","proposal",10-system-design/10-doc-standards/60-implementation-layer,3
"pending change","proposal",10-system-design/10-doc-standards/80-authoring-lints,1
"pending change","proposal",10-system-design/30-data-model/50-mutation-model,1
"pending change","proposal",10-system-design/30-data-model/60-change-sets,13
"pending change","proposal",30-implementation,1
"pending change","changeset",40-guides/10-docs-mcp/50-document-management,1
"pending change","change set",10-system-design/30-data-model/50-mutation-model,2
"pending change","change set",10-system-design/30-data-model/60-change-sets,9
"pending change","patch",00-foundation/10-design-principles,1
"pending change","patch",10-system-design/10-doc-standards/80-authoring-lints,1
"pending change","patch",10-system-design/20-translation-layer/20-agent-surface,2
"pending change","patch",10-system-design/30-data-model/10-document-tree,2
"pending change","patch",10-system-design/30-data-model/20-block-design/10-state-schema,1
"pending change","patch",10-system-design/30-data-model/20-block-design/20-typed-actions,3
"pending change","patch",10-system-design/30-data-model/20-block-design,1
"pending change","patch",10-system-design/30-data-model/30-annotations,1
"pending change","patch",10-system-design/30-data-model/50-mutation-model/10-undo-redo,10
"pending change","patch",10-system-design/30-data-model/50-mutation-model,7
"pending change","patch",10-system-design/30-data-model/60-change-sets,2
"pending change","patch",10-system-design/40-block-vocabulary/10-text-and-media/10-rich-text/10-paragraph,1
"pending change","patch",10-system-design/40-block-vocabulary/10-text-and-media/10-rich-text/11-heading,1
"pending change","patch",10-system-design/40-block-vocabulary/10-text-and-media/10-rich-text/14-callout,1
"pending change","patch",10-system-design/40-block-vocabulary/10-text-and-media/10-rich-text/17-video,1
"pending change","patch",10-system-design/40-block-vocabulary/10-text-and-media/10-rich-text,1
"pending change","patch",10-system-design/40-block-vocabulary/20-code/10-code-block,2
"pending change","patch",10-system-design/40-block-vocabulary/30-trees-and-paths/10-file-tree,6
"pending change","patch",10-system-design/40-block-vocabulary/40-structured-reference/10-state-shape,9
"pending change","patch",10-system-design/40-block-vocabulary/40-structured-reference/20-interaction-surface,8
"pending change","patch",10-system-design/40-block-vocabulary/40-structured-reference/30-structured-table,3
"pending change","patch",10-system-design/40-block-vocabulary/50-flow-and-diagrams/10-process-outline,2
"pending change","patch",10-system-design/40-block-vocabulary/50-flow-and-diagrams/40-sequence,4
"pending change","patch",10-system-design/40-block-vocabulary/50-flow-and-diagrams/50-canvas,3
"pending change","patch",30-implementation/10-packages/10-docs-model,1
"pending change","patch",30-implementation/10-packages/80-external-canvas,1
"pending change","patch",40-guides/10-docs-mcp/40-recovery,1
"pending change","patch",40-guides/10-docs-mcp/50-document-management,2
"pending change","diff",00-foundation/00-manifesto,1
"pending change","diff",10-system-design/10-doc-standards/50-in-code-docs,1
"pending change","diff",10-system-design/30-data-model/20-block-design/40-agent-renderer,1
"pending change","diff",10-system-design/30-data-model/40-serialization,3
"pending change","diff",10-system-design/30-data-model/60-change-sets,3
"pending change","diff",10-system-design/40-block-vocabulary/20-code/10-code-block,1
"pending change","diff",10-system-design/40-block-vocabulary/20-code/20-pseudocode,4
"pending change","diff",10-system-design/40-block-vocabulary/30-trees-and-paths/10-file-tree,2
"pending change","diff",10-system-design/40-block-vocabulary/30-trees-and-paths/30-call-stack,3
"pending change","diff",10-system-design/40-block-vocabulary/30-trees-and-paths/40-component-tree,3
"pending change","diff",10-system-design/40-block-vocabulary,1
"pending change","diff",10-system-design/50-editor-design/20-editing-interactions,6
"pending change","diff",10-system-design/50-editor-design/40-visual-system/30-themes,1
"pending change","diff",10-system-design/50-editor-design/40-visual-system/40-code-colors,1
"pending change","diff",30-implementation/10-packages/10-docs-model,1
"pending change","diff",30-implementation/10-packages/40-docs-viewer,3
"pending change","diff",40-guides/10-docs-mcp/40-recovery,1
"pending change","edit",00-foundation/10-design-principles,2
"pending change","edit",10-system-design/10-doc-standards/10-structure,1
"pending change","edit",10-system-design/10-doc-standards/80-authoring-lints,5
"pending change","edit",10-system-design/20-translation-layer/10-human-surface,5
"pending change","edit",10-system-design/20-translation-layer,1
"pending change","edit",10-system-design/30-data-model/10-document-tree,1
"pending change","edit",10-system-design/30-data-model/20-block-design/30-doc-renderer,3
"pending change","edit",10-system-design/30-data-model/20-block-design/50-theming,2
"pending change","edit",10-system-design/30-data-model/20-block-design/60-agent-adapter,3
"pending change","edit",10-system-design/30-data-model/20-block-design,3
"pending change","edit",10-system-design/30-data-model/30-annotations,5
"pending change","edit",10-system-design/30-data-model/50-mutation-model/10-undo-redo,3
"pending change","edit",10-system-design/30-data-model/50-mutation-model,4
"pending change","edit",10-system-design/40-block-vocabulary/10-text-and-media/10-rich-text/10-paragraph,1
"pending change","edit",10-system-design/40-block-vocabulary/10-text-and-media/10-rich-text/14-callout,2
"pending change","edit",10-system-design/40-block-vocabulary/10-text-and-media/10-rich-text/18-html,2
"pending change","edit",10-system-design/40-block-vocabulary/10-text-and-media/10-rich-text/19-image-grid,1
"pending change","edit",10-system-design/40-block-vocabulary/10-text-and-media/10-rich-text,3
"pending change","edit",10-system-design/40-block-vocabulary/20-code/10-code-block,8
"pending change","edit",10-system-design/40-block-vocabulary/30-trees-and-paths/10-file-tree,1
"pending change","edit",10-system-design/40-block-vocabulary/40-structured-reference/10-state-shape,3
"pending change","edit",10-system-design/40-block-vocabulary/40-structured-reference/20-interaction-surface,3
"pending change","edit",10-system-design/40-block-vocabulary/40-structured-reference/30-structured-table,8
"pending change","edit",10-system-design/40-block-vocabulary/40-structured-reference,1
"pending change","edit",10-system-design/40-block-vocabulary/50-flow-and-diagrams/10-process-outline,2
"pending change","edit",10-system-design/40-block-vocabulary/50-flow-and-diagrams/20-flow-strip,4
"pending change","edit",10-system-design/40-block-vocabulary/50-flow-and-diagrams/30-stack,3
"pending change","edit",10-system-design/40-block-vocabulary/50-flow-and-diagrams/40-sequence,5
"pending change","edit",10-system-design/40-block-vocabulary/50-flow-and-diagrams/50-canvas,8
"pending change","edit",10-system-design/40-block-vocabulary,1
"pending change","edit",10-system-design/50-editor-design/10-reading-surface,1
"pending change","edit",10-system-design/50-editor-design/20-editing-interactions/10-typing-model,2
"pending change","edit",10-system-design/50-editor-design/20-editing-interactions/30-selection-and-movement,1
"pending change","edit",10-system-design/50-editor-design/20-editing-interactions/40-in-place-editing,3
"pending change","edit",10-system-design/50-editor-design/20-editing-interactions,4
"pending change","edit",10-system-design/50-editor-design/30-style-rail,1
"pending change","edit",10-system-design/50-editor-design/40-visual-system/30-themes,2
"pending change","edit",10-system-design/50-editor-design/40-visual-system/40-code-colors,1
"pending change","edit",10-system-design/50-editor-design/50-canvas-and-media,3
"pending change","edit",10-system-design/60-product-versioning,1
"pending change","edit",10-system-design/70-central-docs-service,1
"pending change","edit",10-system-design,1
"pending change","edit",30-implementation/10-packages/50-docs-workbench,1
"pending change","edit",30-implementation/10-packages/85-docs-mcp,7
"pending change","edit",30-implementation/10-packages/90-docs-publish,1
"pending change","edit",30-implementation/40-theming/10-system-ui,1
"pending change","edit",40-guides/10-docs-mcp/10-setup,3
"pending change","edit",40-guides/10-docs-mcp/20-skills,5
"pending change","edit",40-guides/10-docs-mcp/30-sync,1
"pending change","edit",40-guides/10-docs-mcp/40-recovery,11
"pending change","edit",40-guides/10-docs-mcp/50-document-management,3
"pending change","edit",40-guides/50-deploy-github-pages,1
"pending change","op",10-system-design/20-translation-layer/20-agent-surface,1
"pending change","op",10-system-design/30-data-model/10-document-tree,3
"pending change","op",10-system-design/30-data-model/20-block-design/20-typed-actions,1
"pending change","op",10-system-design/30-data-model/20-block-design/60-agent-adapter,2
"pending change","op",10-system-design/30-data-model/20-block-design,1
"pending change","op",10-system-design/30-data-model/30-annotations,1
"pending change","op",10-system-design/30-data-model/40-serialization,1
"pending change","op",10-system-design/30-data-model/50-mutation-model/10-undo-redo,2
"pending change","op",10-system-design/30-data-model/50-mutation-model/20-copy-paste,1
"pending change","op",10-system-design/30-data-model/50-mutation-model,23
"pending change","op",10-system-design/30-data-model/60-change-sets,1
"pending change","op",10-system-design/30-data-model,1
"pending change","op",10-system-design/40-block-vocabulary/10-text-and-media/10-rich-text/10-paragraph,1
"pending change","op",10-system-design/40-block-vocabulary/10-text-and-media/10-rich-text/14-callout,1
"pending change","op",10-system-design/40-block-vocabulary/10-text-and-media/10-rich-text/16-image,1
"pending change","op",10-system-design/40-block-vocabulary/10-text-and-media/10-rich-text,4
"pending change","op",10-system-design/40-block-vocabulary/20-code/10-code-block,4
"pending change","op",10-system-design/40-block-vocabulary/20-code/20-pseudocode,1
"pending change","op",10-system-design/40-block-vocabulary/30-trees-and-paths/10-file-tree,4
"pending change","op",10-system-design/40-block-vocabulary/30-trees-and-paths/20-file-explorer,1
"pending change","op",10-system-design/40-block-vocabulary/30-trees-and-paths/30-call-stack,1
"pending change","op",10-system-design/40-block-vocabulary/30-trees-and-paths/40-component-tree,1
"pending change","op",10-system-design/40-block-vocabulary/40-structured-reference/10-state-shape,4
"pending change","op",10-system-design/40-block-vocabulary/40-structured-reference/20-interaction-surface,3
"pending change","op",10-system-design/40-block-vocabulary/40-structured-reference/30-structured-table,5
"pending change","op",10-system-design/40-block-vocabulary/50-flow-and-diagrams/10-process-outline,2
"pending change","op",10-system-design/40-block-vocabulary/50-flow-and-diagrams/20-flow-strip,2
"pending change","op",10-system-design/40-block-vocabulary/50-flow-and-diagrams/30-stack,1
"pending change","op",10-system-design/40-block-vocabulary/50-flow-and-diagrams/40-sequence,4
"pending change","op",10-system-design/40-block-vocabulary/50-flow-and-diagrams/50-canvas,4
"pending change","op",10-system-design/50-editor-design/20-editing-interactions,3
"pending change","op",30-implementation/10-packages/10-docs-model,1
"pending change","op",30-implementation/10-packages/30-docs-server,3
"pending change","operation",00-foundation/10-design-principles,1
"pending change","operation",10-system-design/10-doc-standards/80-authoring-lints,2
"pending change","operation",10-system-design/20-translation-layer/10-human-surface,2
"pending change","operation",10-system-design/20-translation-layer/20-agent-surface,3
"pending change","operation",10-system-design/20-translation-layer,2
"pending change","operation",10-system-design/30-data-model/40-serialization,1
"pending change","operation",10-system-design/30-data-model/50-mutation-model/20-copy-paste,1
"pending change","operation",10-system-design/30-data-model/50-mutation-model,1
"pending change","operation",10-system-design/30-data-model/60-change-sets,4
"pending change","operation",10-system-design/40-block-vocabulary/10-text-and-media/10-rich-text/18-html,1
"pending change","operation",10-system-design/40-block-vocabulary/10-text-and-media/10-rich-text/19-image-grid,1
"pending change","operation",10-system-design/40-block-vocabulary/10-text-and-media/10-rich-text,1
"pending change","operation",10-system-design/40-block-vocabulary/20-code/10-code-block,2
"pending change","operation",10-system-design/40-block-vocabulary/30-trees-and-paths/10-file-tree,1
"pending change","operation",10-system-design/40-block-vocabulary/40-structured-reference/10-state-shape,6
"pending change","operation",10-system-design/40-block-vocabulary/40-structured-reference/20-interaction-surface,42
"pending change","operation",10-system-design/40-block-vocabulary/40-structured-reference/30-structured-table,1
"pending change","operation",10-system-design/40-block-vocabulary/40-structured-reference,1
"pending change","operation",10-system-design/40-block-vocabulary/50-flow-and-diagrams/10-process-outline,3
"pending change","operation",10-system-design/40-block-vocabulary/50-flow-and-diagrams/40-sequence,3
"pending change","operation",10-system-design/40-block-vocabulary/50-flow-and-diagrams/50-canvas,2
"pending change","operation",10-system-design/40-block-vocabulary,2
"pending change","operation",10-system-design/50-editor-design/20-editing-interactions/20-slash-menu,1
"pending change","operation",10-system-design/50-editor-design/20-editing-interactions,1
"pending change","operation",10-system-design/50-editor-design/40-visual-system/40-code-colors,2
"pending change","operation",10-system-design,3
"pending change","operation",30-implementation/10-packages/10-docs-model,2
"pending change","operation",30-implementation/10-packages/40-docs-viewer,2
"pending change","operation",30-implementation/10-packages/80-external-canvas,1
"pending change","operation",30-implementation/10-packages/85-docs-mcp,5
"pending change","operation",30-implementation/10-packages,1
"pending change","operation",40-guides/10-docs-mcp/10-setup,1
"pending change","operation",40-guides/10-docs-mcp/20-skills,1
"pending change","operation",40-guides/10-docs-mcp/40-recovery,4
"pending change","operation",40-guides/10-docs-mcp/50-document-management,5
"pending change","operation",40-guides/30-run-central-docs,1
"pending change","mutation",10-system-design/30-data-model/10-document-tree,1
"pending change","mutation",10-system-design/30-data-model/40-serialization,1
"pending change","mutation",10-system-design/30-data-model/50-mutation-model/10-undo-redo,1
"pending change","mutation",10-system-design/30-data-model/50-mutation-model,5
"pending change","mutation",10-system-design/30-data-model/60-change-sets,2
"pending change","mutation",10-system-design/40-block-vocabulary/40-structured-reference/30-structured-table,1
"pending change","mutation",10-system-design/40-block-vocabulary/50-flow-and-diagrams/50-canvas,2
"pending change","mutation",10-system-design,1
"pending change","mutation",30-implementation/10-packages/10-docs-model,2
"pending change","mutation",30-implementation/10-packages/30-docs-server,3
"pending change","mutation",30-implementation/10-packages/40-docs-viewer,1
"pending change","mutation",30-implementation/10-packages/50-docs-workbench,1
"pending change","mutation",30-implementation/10-packages/80-external-canvas,3
"pending change","mutation",30-implementation/10-packages/85-docs-mcp,3
"pending change","mutation",30-implementation/10-packages,1
"pending change","mutation",30-implementation/20-workbench,1
"pending change","mutation",30-implementation,1
"whole collection","corpus",10-system-design/10-doc-standards/70-document-purpose,3
"whole collection","corpus",10-system-design/10-doc-standards/80-authoring-lints,4
"whole collection","corpus",10-system-design/30-data-model/60-change-sets,2
"whole collection","corpus",10-system-design/40-block-vocabulary/10-text-and-media/10-rich-text/11-heading,2
"whole collection","corpus",10-system-design/40-block-vocabulary/10-text-and-media/10-rich-text/14-callout,3
"whole collection","corpus",10-system-design/40-block-vocabulary/10-text-and-media/10-rich-text,1
"whole collection","corpus",10-system-design/40-block-vocabulary/40-structured-reference/10-state-shape,1
"whole collection","corpus",10-system-design/70-central-docs-service,8
"whole collection","corpus",10-system-design,1
"whole collection","corpus",30-implementation/10-packages/20-docs-index,1
"whole collection","corpus",30-implementation/10-packages/70-framework,6
"whole collection","corpus",30-implementation/10-packages/85-docs-mcp,6
"whole collection","corpus",30-implementation/10-packages/90-docs-publish,1
"whole collection","corpus",40-guides/10-docs-mcp/10-setup,1
"whole collection","corpus",40-guides/10-docs-mcp/20-skills,1
"whole collection","corpus",40-guides/10-docs-mcp/30-sync,3
"whole collection","corpus",40-guides/10-docs-mcp/40-recovery,3
"whole collection","corpus",40-guides/10-docs-mcp/50-document-management,4
"whole collection","corpus",40-guides/10-docs-mcp,1
"whole collection","corpus",40-guides/30-run-central-docs,2
"whole collection","corpus",40-guides/50-deploy-github-pages,4
"whole collection","corpus",40-guides,1
"whole collection","corpus",99-appendix/10-style-guide/10-writing-style,4
"whole collection","corpus",99-appendix/10-style-guide/20-structure,1
"whole collection","corpus",99-appendix/10-style-guide,1
"whole collection","corpus",99-appendix,2
"whole collection","docs tree / doc tree",10-system-design/10-doc-standards/10-structure,4
"whole collection","docs tree / doc tree",10-system-design/10-doc-standards/50-in-code-docs,3
"whole collection","docs tree / doc tree",10-system-design/10-doc-standards/60-implementation-layer,2
"whole collection","docs tree / doc tree",10-system-design/40-block-vocabulary/50-flow-and-diagrams/50-canvas,1
"whole collection","docs tree / doc tree",30-implementation/10-packages/30-docs-server,1
"whole collection","docs tree / doc tree",30-implementation/10-packages/50-docs-workbench,1
"whole collection","docs tree / doc tree",30-implementation/10-packages/80-external-canvas,1
"whole collection","docs tree / doc tree",30-implementation/10-packages,1
"whole collection","docs tree / doc tree",30-implementation/40-theming,1
"whole collection","docs tree / doc tree",30-implementation,1
"whole collection","document tree",10-system-design/30-data-model/60-change-sets,1
"whole collection","docs root",10-system-design/40-block-vocabulary/40-structured-reference/20-interaction-surface,1
"whole collection","docs root",30-implementation/10-packages/30-docs-server,2
"whole collection","docs root",30-implementation/10-packages/60-docs-cli,1
"whole collection","docs root",30-implementation/10-packages/85-docs-mcp,1
"whole collection","docs root",30-implementation/40-theming,1
"whole collection","docs root",40-guides/10-docs-mcp/50-document-management,1
"whole collection","docs root",40-guides/50-deploy-github-pages,2
"whole collection","site",10-system-design/40-block-vocabulary/10-text-and-media/10-rich-text,1
"whole collection","site",10-system-design/50-editor-design/40-visual-system/10-tokens,1
"whole collection","site",30-implementation/10-packages/90-docs-publish,5
"whole collection","site",40-guides/50-deploy-github-pages,18
"whole collection","site",40-guides,1
"whole collection","project",00-foundation/00-manifesto,6
"whole collection","project",00-foundation/10-design-principles,1
"whole collection","project",10-system-design/10-doc-standards,1
"whole collection","project",10-system-design/40-block-vocabulary/10-text-and-media/10-rich-text,1
"whole collection","project",10-system-design/40-block-vocabulary/30-trees-and-paths/10-file-tree,1
"whole collection","project",10-system-design/40-block-vocabulary/40-structured-reference/30-structured-table,1
"whole collection","project",10-system-design/40-block-vocabulary/50-flow-and-diagrams/10-process-outline,1
"whole collection","project",10-system-design/40-block-vocabulary/50-flow-and-diagrams/20-flow-strip,1
"whole collection","project",10-system-design/40-block-vocabulary/50-flow-and-diagrams/50-canvas,3
"whole collection","project",10-system-design/50-editor-design/10-reading-surface,4
"whole collection","project",10-system-design/50-editor-design/30-style-rail,2
"whole collection","project",10-system-design/50-editor-design/40-visual-system/20-typography-and-fonts,2
"whole collection","project",10-system-design/50-editor-design/40-visual-system/30-themes,20
"whole collection","project",10-system-design/70-central-docs-service,14
"whole collection","project",10-system-design,2
"whole collection","project",30-implementation/10-packages/30-docs-server,4
"whole collection","project",30-implementation/10-packages/80-external-canvas,6
"whole collection","project",30-implementation/10-packages/85-docs-mcp,6
"whole collection","project",30-implementation/10-packages/90-docs-publish,1
"whole collection","project",30-implementation/10-packages,4
"whole collection","project",30-implementation/20-workbench,2
"whole collection","project",30-implementation/40-theming/10-system-ui,4
"whole collection","project",30-implementation/40-theming,3
"whole collection","project",30-implementation,1
"whole collection","project",40-guides/10-docs-mcp/10-setup,12
"whole collection","project",40-guides/10-docs-mcp/20-skills,1
"whole collection","project",40-guides/10-docs-mcp/30-sync,1
"whole collection","project",40-guides/10-docs-mcp/40-recovery,9
"whole collection","project",40-guides/10-docs-mcp/50-document-management,5
"whole collection","project",40-guides/30-run-central-docs,6
"whole collection","project",40-guides/50-deploy-github-pages,1
"whole collection","project",40-guides,3
"whole collection","project",99-appendix/10-style-guide/10-writing-style,3
"grouping","section",10-system-design/10-doc-standards/10-structure,8
"grouping","section",10-system-design/10-doc-standards/20-numbering,4
"grouping","section",10-system-design/10-doc-standards/30-cross-doc-linking,1
"grouping","section",10-system-design/10-doc-standards/50-in-code-docs,1
"grouping","section",10-system-design/10-doc-standards/80-authoring-lints,2
"grouping","section",10-system-design/10-doc-standards,1
"grouping","section",10-system-design/20-translation-layer,1
"grouping","section",10-system-design/30-data-model/40-serialization,1
"grouping","section",10-system-design/30-data-model/50-mutation-model,1
"grouping","section",10-system-design/30-data-model,1
"grouping","section",10-system-design/40-block-vocabulary/10-text-and-media/10-rich-text/11-heading,3
"grouping","section",10-system-design/40-block-vocabulary/10-text-and-media/10-rich-text/14-callout,4
"grouping","section",10-system-design/40-block-vocabulary/10-text-and-media/10-rich-text/15-divider,1
"grouping","section",10-system-design/40-block-vocabulary/10-text-and-media/10-rich-text,2
"grouping","section",10-system-design/40-block-vocabulary/10-text-and-media,2
"grouping","section",10-system-design/40-block-vocabulary/40-structured-reference/20-interaction-surface,2
"grouping","section",10-system-design/40-block-vocabulary/40-structured-reference/30-structured-table,1
"grouping","section",10-system-design/40-block-vocabulary/50-flow-and-diagrams/10-process-outline,1
"grouping","section",10-system-design/40-block-vocabulary/50-flow-and-diagrams/40-sequence,2
"grouping","section",10-system-design/40-block-vocabulary/50-flow-and-diagrams/50-canvas,5
"grouping","section",10-system-design/40-block-vocabulary,4
"grouping","section",10-system-design/50-editor-design/10-reading-surface,1
"grouping","section",10-system-design/50-editor-design/20-editing-interactions,1
"grouping","section",10-system-design/50-editor-design/40-visual-system/30-themes,1
"grouping","section",10-system-design,1
"grouping","section",30-implementation/10-packages/30-docs-server,1
"grouping","section",30-implementation/10-packages/85-docs-mcp,1
"grouping","section",30-implementation/40-theming,1
"grouping","section",30-implementation,1
"grouping","section",40-guides/10-docs-mcp/40-recovery,4
"grouping","section",40-guides/10-docs-mcp/50-document-management,5
"grouping","section",40-guides/10-docs-mcp,1
"grouping","section",40-guides/40-export-pdf,1
"grouping","section",99-appendix/10-style-guide/10-writing-style,2
"grouping","section",99-appendix/10-style-guide/20-structure,1
"grouping","folder",10-system-design/10-doc-standards/10-structure,11
"grouping","folder",10-system-design/10-doc-standards/20-numbering,1
"grouping","folder",10-system-design/10-doc-standards/80-authoring-lints,2
"grouping","folder",10-system-design/10-doc-standards,2
"grouping","folder",10-system-design/30-data-model/20-block-design/50-theming,3
"grouping","folder",10-system-design/40-block-vocabulary/10-text-and-media/10-rich-text/10-paragraph,3
"grouping","folder",10-system-design/40-block-vocabulary/10-text-and-media/10-rich-text/11-heading,3
"grouping","folder",10-system-design/40-block-vocabulary/10-text-and-media/10-rich-text/12-list-item,3
"grouping","folder",10-system-design/40-block-vocabulary/10-text-and-media/10-rich-text/14-callout,3
"grouping","folder",10-system-design/40-block-vocabulary/10-text-and-media/10-rich-text/15-divider,3
"grouping","folder",10-system-design/40-block-vocabulary/10-text-and-media/10-rich-text/16-image,3
"grouping","folder",10-system-design/40-block-vocabulary/10-text-and-media/10-rich-text/17-video,3
"grouping","folder",10-system-design/40-block-vocabulary/20-code/10-code-block,3
"grouping","folder",10-system-design/40-block-vocabulary/30-trees-and-paths/10-file-tree,4
"grouping","folder",10-system-design/40-block-vocabulary/30-trees-and-paths/20-file-explorer,7
"grouping","folder",10-system-design/40-block-vocabulary/40-structured-reference/10-state-shape,3
"grouping","folder",10-system-design/40-block-vocabulary/40-structured-reference/20-interaction-surface,3
"grouping","folder",10-system-design/40-block-vocabulary/40-structured-reference/30-structured-table,3
"grouping","folder",10-system-design/40-block-vocabulary/50-flow-and-diagrams/10-process-outline,1
"grouping","folder",10-system-design/40-block-vocabulary/50-flow-and-diagrams/40-sequence,2
"grouping","folder",10-system-design/40-block-vocabulary/50-flow-and-diagrams/50-canvas,3
"grouping","folder",10-system-design/50-editor-design/10-reading-surface,3
"grouping","folder",10-system-design/50-editor-design/40-visual-system/10-tokens,1
"grouping","folder",10-system-design/50-editor-design/40-visual-system/30-themes,10
"grouping","folder",10-system-design/50-editor-design/40-visual-system,1
"grouping","folder",10-system-design/70-central-docs-service,4
"grouping","folder",30-implementation/10-packages/10-docs-model,2
"grouping","folder",30-implementation/10-packages/40-docs-viewer,5
"grouping","folder",30-implementation/10-packages/50-docs-workbench,1
"grouping","folder",30-implementation/40-theming,11
"grouping","folder",30-implementation,1
"grouping","folder",40-guides/30-run-central-docs,2
"grouping","folder",40-guides/40-export-pdf,2
"grouping","folder",40-guides/50-deploy-github-pages,2
"grouping","folder",40-guides,1
"grouping","directory",10-system-design/10-doc-standards/20-numbering,1
"grouping","directory",10-system-design/10-doc-standards/60-implementation-layer,2
"grouping","directory",10-system-design/30-data-model/60-change-sets,1
"grouping","directory",10-system-design/40-block-vocabulary/30-trees-and-paths/10-file-tree,11
"grouping","directory",10-system-design/40-block-vocabulary/30-trees-and-paths/20-file-explorer,1
"grouping","directory",10-system-design/40-block-vocabulary/30-trees-and-paths,1
"grouping","directory",10-system-design/40-block-vocabulary/40-structured-reference/20-interaction-surface,2
"grouping","directory",10-system-design/40-block-vocabulary/50-flow-and-diagrams/50-canvas,1
"grouping","directory",10-system-design/50-editor-design/10-reading-surface,1
"grouping","directory",10-system-design/50-editor-design/40-visual-system/30-themes,1
"grouping","directory",10-system-design/70-central-docs-service,3
"grouping","directory",10-system-design,1
"grouping","directory",30-implementation/10-packages/10-docs-model,1
"grouping","directory",30-implementation/10-packages/60-docs-cli,3
"grouping","directory",30-implementation/10-packages/85-docs-mcp,2
"grouping","directory",30-implementation/10-packages,3
"grouping","directory",30-implementation/40-theming,6
"grouping","directory",40-guides/10-docs-mcp/10-setup,9
"grouping","directory",40-guides/10-docs-mcp/30-sync,2
"grouping","directory",40-guides/10-docs-mcp/40-recovery,1
"grouping","directory",40-guides/10-docs-mcp/50-document-management,3
"grouping","directory",40-guides/50-deploy-github-pages,5
"grouping","chapter",99-appendix/10-style-guide/10-writing-style,1
"grouping","layer",00-foundation,1
"grouping","layer",10-system-design/10-doc-standards/10-structure,7
"grouping","layer",10-system-design/10-doc-standards/60-implementation-layer,4
"grouping","layer",10-system-design/10-doc-standards/70-document-purpose,3
"grouping","layer",10-system-design/10-doc-standards,5
"grouping","layer",10-system-design/20-translation-layer,2
"grouping","layer",10-system-design/30-data-model/20-block-design/30-doc-renderer,1
"grouping","layer",10-system-design/30-data-model/20-block-design/40-agent-renderer,1
"grouping","layer",10-system-design/30-data-model/50-mutation-model/10-undo-redo,1
"grouping","layer",10-system-design/40-block-vocabulary/20-code/10-code-block,2
"grouping","layer",10-system-design/40-block-vocabulary/50-flow-and-diagrams/30-stack,1
"grouping","layer",10-system-design/40-block-vocabulary/50-flow-and-diagrams/40-sequence,1
"grouping","layer",10-system-design/40-block-vocabulary/50-flow-and-diagrams/50-canvas,1
"grouping","layer",10-system-design/40-block-vocabulary/50-flow-and-diagrams,1
"grouping","layer",10-system-design/40-block-vocabulary,3
"grouping","layer",10-system-design/50-editor-design/20-editing-interactions,1
"grouping","layer",10-system-design/50-editor-design/40-visual-system/10-tokens,2
"grouping","layer",10-system-design/50-editor-design/40-visual-system/30-themes,3
"grouping","layer",10-system-design,2
"grouping","layer",30-implementation/10-packages/40-docs-viewer,1
"grouping","layer",30-implementation/10-packages/50-docs-workbench,2
"grouping","layer",30-implementation/10-packages/60-docs-cli,1
"grouping","layer",30-implementation/10-packages,4
"grouping","layer",30-implementation/40-theming/10-system-ui,2
"grouping","layer",30-implementation/40-theming,8
"grouping","layer",30-implementation,1
"grouping","layer",99-appendix/10-style-guide/10-writing-style,1
"grouping","group",10-system-design/30-data-model/10-document-tree,1
"grouping","group",10-system-design/30-data-model/60-change-sets,2
"grouping","group",10-system-design/40-block-vocabulary/10-text-and-media/10-rich-text/19-image-grid,1
"grouping","group",10-system-design/40-block-vocabulary/10-text-and-media/10-rich-text,1
"grouping","group",10-system-design/40-block-vocabulary/20-code/10-code-block,1
"grouping","group",10-system-design/40-block-vocabulary/20-code/20-pseudocode,1
"grouping","group",10-system-design/40-block-vocabulary/40-structured-reference/20-interaction-surface,1
"grouping","group",10-system-design/40-block-vocabulary/50-flow-and-diagrams/10-process-outline,3
"grouping","group",10-system-design/40-block-vocabulary/50-flow-and-diagrams/40-sequence,5
"grouping","group",10-system-design/40-block-vocabulary,4
"grouping","group",10-system-design/50-editor-design/20-editing-interactions/20-slash-menu,3
"grouping","group",10-system-design/50-editor-design/30-style-rail,2
"grouping","group",10-system-design/50-editor-design,1
"grouping","group",30-implementation/40-theming/10-system-ui,3
"grouping","group",30-implementation/40-theming,2
"grouping","group",99-appendix/10-style-guide/10-writing-style,3
"grouping","group",99-appendix/10-style-guide/20-structure,1
"review note","annotation",10-system-design/20-translation-layer/10-human-surface,2
"review note","annotation",10-system-design/20-translation-layer,1
"review note","annotation",10-system-design/30-data-model/10-document-tree,1
"review note","annotation",10-system-design/30-data-model/20-block-design/60-agent-adapter,3
"review note","annotation",10-system-design/30-data-model/20-block-design,1
"review note","annotation",10-system-design/30-data-model/30-annotations,21
"review note","annotation",10-system-design/30-data-model/40-serialization,1
"review note","annotation",10-system-design/30-data-model/50-mutation-model/20-copy-paste,1
"review note","annotation",10-system-design/30-data-model/50-mutation-model,2
"review note","annotation",10-system-design/30-data-model/60-change-sets,3
"review note","annotation",10-system-design/30-data-model,1
"review note","annotation",10-system-design/40-block-vocabulary/10-text-and-media/10-rich-text/14-callout,1
"review note","annotation",10-system-design/40-block-vocabulary/20-code/10-code-block,20
"review note","annotation",10-system-design/40-block-vocabulary/30-trees-and-paths/10-file-tree,1
"review note","annotation",10-system-design/40-block-vocabulary/40-structured-reference/20-interaction-surface,1
"review note","annotation",10-system-design/40-block-vocabulary/50-flow-and-diagrams/40-sequence,1
"review note","annotation",10-system-design/40-block-vocabulary/50-flow-and-diagrams/50-canvas,3
"review note","annotation",10-system-design/40-block-vocabulary,1
"review note","annotation",10-system-design/50-editor-design/10-reading-surface,1
"review note","annotation",10-system-design/50-editor-design/40-visual-system/10-tokens,1
"review note","annotation",10-system-design/50-editor-design/50-canvas-and-media,2
"review note","annotation",10-system-design/50-editor-design,2
"review note","annotation",10-system-design/60-product-versioning,1
"review note","annotation",10-system-design,2
"review note","annotation",30-implementation/10-packages/40-docs-viewer,1
"review note","annotation",30-implementation/10-packages/85-docs-mcp,2
"review note","annotation",30-implementation/10-packages/90-docs-publish,1
"review note","annotation",40-guides/10-docs-mcp/30-sync,2
"review note","annotation",40-guides/10-docs-mcp/50-document-management,1
"review note","comment",00-foundation/10-design-principles,1
"review note","comment",10-system-design/10-doc-standards/40-code-linking,2
"review note","comment",10-system-design/10-doc-standards/50-in-code-docs,3
"review note","comment",10-system-design/10-doc-standards/60-implementation-layer,1
"review note","comment",10-system-design/10-doc-standards,1
"review note","comment",10-system-design/30-data-model/50-mutation-model,1
"review note","comment",10-system-design/40-block-vocabulary/20-code/20-pseudocode,6
"review note","comment",10-system-design/40-block-vocabulary/30-trees-and-paths/10-file-tree,1
"review note","comment",10-system-design/40-block-vocabulary/30-trees-and-paths/30-call-stack,3
"review note","comment",10-system-design/40-block-vocabulary/30-trees-and-paths/40-component-tree,4
"review note","comment",10-system-design/40-block-vocabulary/50-flow-and-diagrams/40-sequence,2
"review note","comment",10-system-design/40-block-vocabulary/50-flow-and-diagrams/50-canvas,2
"review note","comment",10-system-design/40-block-vocabulary,2
"review note","comment",40-guides/60-shared-env,1
"review note","note",10-system-design/10-doc-standards/80-authoring-lints,2
"review note","note",10-system-design/30-data-model/30-annotations,4
"review note","note",10-system-design/40-block-vocabulary/10-text-and-media/10-rich-text/10-paragraph,1
"review note","note",10-system-design/40-block-vocabulary/10-text-and-media/10-rich-text/11-heading,1
"review note","note",10-system-design/40-block-vocabulary/10-text-and-media/10-rich-text/12-list-item,1
"review note","note",10-system-design/40-block-vocabulary/10-text-and-media/10-rich-text/14-callout,2
"review note","note",10-system-design/40-block-vocabulary/10-text-and-media/10-rich-text/15-divider,1
"review note","note",10-system-design/40-block-vocabulary/10-text-and-media/10-rich-text/16-image,1
"review note","note",10-system-design/40-block-vocabulary/10-text-and-media/10-rich-text/17-video,1
"review note","note",10-system-design/40-block-vocabulary/10-text-and-media/10-rich-text/19-image-grid,1
"review note","note",10-system-design/40-block-vocabulary/10-text-and-media,1
"review note","note",10-system-design/40-block-vocabulary/20-code/10-code-block,12
"review note","note",10-system-design/40-block-vocabulary/30-trees-and-paths/10-file-tree,9
"review note","note",10-system-design/40-block-vocabulary/30-trees-and-paths/20-file-explorer,1
"review note","note",10-system-design/40-block-vocabulary/30-trees-and-paths/30-call-stack,1
"review note","note",10-system-design/40-block-vocabulary/30-trees-and-paths/40-component-tree,1
"review note","note",10-system-design/40-block-vocabulary/40-structured-reference/20-interaction-surface,1
"review note","note",10-system-design/40-block-vocabulary/40-structured-reference/30-structured-table,1
"review note","note",10-system-design/40-block-vocabulary/50-flow-and-diagrams/10-process-outline,53
"review note","note",10-system-design/40-block-vocabulary/50-flow-and-diagrams/20-flow-strip,1
"review note","note",10-system-design/40-block-vocabulary/50-flow-and-diagrams/40-sequence,1
"review note","note",10-system-design/40-block-vocabulary,4
"review note","note",10-system-design/50-editor-design/10-reading-surface,2
"review note","note",10-system-design/60-product-versioning,1
"review note","note",40-guides/20-release-core-products,2
"review note","note",40-guides/40-export-pdf,1
"review note","note",99-appendix/10-style-guide/10-writing-style,1
"review note","thread",10-system-design/30-data-model/50-mutation-model,1
"review note","request",10-system-design/30-data-model/30-annotations,7
"review note","request",10-system-design/30-data-model/60-change-sets,1
"review note","request",10-system-design/30-data-model,1
"review note","request",10-system-design/40-block-vocabulary/10-text-and-media/10-rich-text/18-html,1
"review note","request",10-system-design/40-block-vocabulary/30-trees-and-paths/30-call-stack,1
"review note","request",10-system-design/40-block-vocabulary/40-structured-reference/20-interaction-surface,1
"review note","request",10-system-design/40-block-vocabulary/50-flow-and-diagrams/50-canvas,1
"review note","request",10-system-design/50-editor-design/10-reading-surface,1
"review note","request",10-system-design/50-editor-design/20-editing-interactions,1
"review note","request",10-system-design/50-editor-design/50-canvas-and-media,1
"review note","request",10-system-design/70-central-docs-service,6
"review note","request",30-implementation/10-packages/40-docs-viewer,1
"review note","request",30-implementation/10-packages/50-docs-workbench,1
"review note","request",30-implementation/10-packages/85-docs-mcp,7
"review note","request",30-implementation/10-packages/90-docs-publish,1
"review note","request",30-implementation/20-workbench,3
"review note","request",40-guides/10-docs-mcp/30-sync,1
"review note","request",40-guides/10-docs-mcp/40-recovery,3
"review note","request",40-guides/40-export-pdf,2
"review note","request",40-guides/50-deploy-github-pages,1
"review note","feedback",10-system-design/40-block-vocabulary/40-structured-reference/20-interaction-surface,1
"review note","feedback",10-system-design/50-editor-design/40-visual-system/30-themes,1
"review note","feedback",30-implementation/10-packages/85-docs-mcp,3
"reading UI","viewer",10-system-design/30-data-model/30-annotations,1
"reading UI","viewer",10-system-design/40-block-vocabulary/10-text-and-media/10-rich-text/15-divider,1
"reading UI","viewer",10-system-design/40-block-vocabulary/10-text-and-media/10-rich-text/18-html,3
"reading UI","viewer",10-system-design/40-block-vocabulary/10-text-and-media/10-rich-text/19-image-grid,1
"reading UI","viewer",10-system-design/40-block-vocabulary/10-text-and-media/10-rich-text,1
"reading UI","viewer",10-system-design/40-block-vocabulary/20-code/20-pseudocode,1
"reading UI","viewer",10-system-design/40-block-vocabulary/50-flow-and-diagrams/10-process-outline,2
"reading UI","viewer",10-system-design/40-block-vocabulary/50-flow-and-diagrams/40-sequence,2
"reading UI","viewer",10-system-design/40-block-vocabulary/50-flow-and-diagrams/50-canvas,6
"reading UI","viewer",10-system-design/50-editor-design/50-canvas-and-media,10
"reading UI","viewer",10-system-design/70-central-docs-service,3
"reading UI","viewer",30-implementation/10-packages/10-docs-model,2
"reading UI","viewer",30-implementation/10-packages/30-docs-server,2
"reading UI","viewer",30-implementation/10-packages/40-docs-viewer,4
"reading UI","viewer",30-implementation/10-packages/50-docs-workbench,7
"reading UI","viewer",30-implementation/10-packages/80-external-canvas,3
"reading UI","viewer",30-implementation/10-packages/85-docs-mcp,1
"reading UI","viewer",30-implementation/10-packages/90-docs-publish,3
"reading UI","viewer",30-implementation/10-packages,2
"reading UI","viewer",30-implementation/20-workbench,7
"reading UI","viewer",30-implementation/40-theming/10-system-ui,1
"reading UI","viewer",30-implementation,2
"reading UI","viewer",40-guides/30-run-central-docs,2
"reading UI","reading surface",10-system-design/20-translation-layer/10-human-surface,1
"reading UI","reading surface",10-system-design/50-editor-design/10-reading-surface,3
"reading UI","reading surface",10-system-design/50-editor-design/40-visual-system/20-typography-and-fonts,1
"reading UI","reading surface",10-system-design/50-editor-design/50-canvas-and-media,1
"reading UI","reading surface",30-implementation/10-packages/60-docs-cli,1
"reading UI","renderer",00-foundation/10-design-principles,4
"reading UI","renderer",10-system-design/20-translation-layer,1
"reading UI","renderer",10-system-design/30-data-model/20-block-design/10-state-schema,1
"reading UI","renderer",10-system-design/30-data-model/20-block-design/30-doc-renderer,4
"reading UI","renderer",10-system-design/30-data-model/20-block-design/40-agent-renderer,2
"reading UI","renderer",10-system-design/30-data-model/20-block-design/50-theming,1
"reading UI","renderer",10-system-design/30-data-model/20-block-design,5
"reading UI","renderer",10-system-design/30-data-model,2
"reading UI","renderer",10-system-design/40-block-vocabulary/10-text-and-media/10-rich-text/10-paragraph,2
"reading UI","renderer",10-system-design/40-block-vocabulary/10-text-and-media/10-rich-text/11-heading,3
"reading UI","renderer",10-system-design/40-block-vocabulary/10-text-and-media/10-rich-text/12-list-item,2
"reading UI","renderer",10-system-design/40-block-vocabulary/10-text-and-media/10-rich-text/14-callout,2
"reading UI","renderer",10-system-design/40-block-vocabulary/10-text-and-media/10-rich-text/15-divider,2
"reading UI","renderer",10-system-design/40-block-vocabulary/10-text-and-media/10-rich-text/16-image,2
"reading UI","renderer",10-system-design/40-block-vocabulary/10-text-and-media/10-rich-text/17-video,2
"reading UI","renderer",10-system-design/40-block-vocabulary/10-text-and-media/10-rich-text/18-html,4
"reading UI","renderer",10-system-design/40-block-vocabulary/10-text-and-media/10-rich-text/19-image-grid,3
"reading UI","renderer",10-system-design/40-block-vocabulary/10-text-and-media/10-rich-text,1
"reading UI","renderer",10-system-design/40-block-vocabulary/20-code/10-code-block,2
"reading UI","renderer",10-system-design/40-block-vocabulary/20-code/20-pseudocode,2
"reading UI","renderer",10-system-design/40-block-vocabulary/30-trees-and-paths/10-file-tree,2
"reading UI","renderer",10-system-design/40-block-vocabulary/30-trees-and-paths/20-file-explorer,2
"reading UI","renderer",10-system-design/40-block-vocabulary/30-trees-and-paths/30-call-stack,2
"reading UI","renderer",10-system-design/40-block-vocabulary/30-trees-and-paths/40-component-tree,3
"reading UI","renderer",10-system-design/40-block-vocabulary/40-structured-reference/10-state-shape,2
"reading UI","renderer",10-system-design/40-block-vocabulary/40-structured-reference/20-interaction-surface,2
"reading UI","renderer",10-system-design/40-block-vocabulary/40-structured-reference/30-structured-table,4
"reading UI","renderer",10-system-design/40-block-vocabulary/50-flow-and-diagrams/10-process-outline,4
"reading UI","renderer",10-system-design/40-block-vocabulary/50-flow-and-diagrams/20-flow-strip,2
"reading UI","renderer",10-system-design/40-block-vocabulary/50-flow-and-diagrams/30-stack,2
"reading UI","renderer",10-system-design/40-block-vocabulary/50-flow-and-diagrams/40-sequence,3
"reading UI","renderer",10-system-design/40-block-vocabulary/50-flow-and-diagrams/50-canvas,5
"reading UI","renderer",10-system-design/40-block-vocabulary,2
"reading UI","renderer",10-system-design/50-editor-design/40-visual-system/40-code-colors,1
"reading UI","renderer",10-system-design/50-editor-design/50-canvas-and-media,1
"reading UI","renderer",30-implementation/10-packages/10-docs-model,1
"reading UI","renderer",30-implementation/10-packages/40-docs-viewer,4
"reading UI","renderer",30-implementation/10-packages/80-external-canvas,2
"reading UI","renderer",30-implementation/10-packages/85-docs-mcp,4
"reading UI","renderer",30-implementation/10-packages/90-docs-publish,5
"reading UI","renderer",30-implementation/10-packages,1
"reading UI","renderer",40-guides/10-docs-mcp/20-skills,1
"reading UI","renderer",40-guides/10-docs-mcp/30-sync,1
"reading UI","renderer",40-guides/40-export-pdf,1
"reading UI","preview",10-system-design/40-block-vocabulary/10-text-and-media/10-rich-text/18-html,3
"reading UI","preview",10-system-design/40-block-vocabulary/10-text-and-media/10-rich-text/19-image-grid,1
"reading UI","preview",10-system-design/40-block-vocabulary/40-structured-reference/30-structured-table,2
"reading UI","preview",10-system-design/40-block-vocabulary/50-flow-and-diagrams/40-sequence,3
"reading UI","preview",10-system-design/40-block-vocabulary/50-flow-and-diagrams/50-canvas,2
"reading UI","preview",10-system-design/50-editor-design/30-style-rail,1
"reading UI","preview",10-system-design/50-editor-design/50-canvas-and-media,2
"reading UI","preview",30-implementation/10-packages/40-docs-viewer,1
"reading UI","preview",30-implementation/10-packages/85-docs-mcp,1
"reading UI","preview",30-implementation/10-packages/90-docs-publish,1
"reading UI","preview",40-guides/10-docs-mcp/10-setup,3
"reading UI","preview",40-guides/10-docs-mcp/40-recovery,9
"reading UI","preview",40-guides/10-docs-mcp/50-document-management,9
"reading UI","human surface",10-system-design/20-translation-layer/10-human-surface,1
"reading UI","human surface",10-system-design/20-translation-layer,1
"reading UI","human surface",10-system-design/30-data-model/20-block-design/30-doc-renderer,1
"reading UI","human surface",10-system-design/30-data-model/50-mutation-model/20-copy-paste,1
"reading UI","human surface",10-system-design/50-editor-design/20-editing-interactions,1
"reading UI","human surface",10-system-design/50-editor-design,1
"editing UI","workbench",10-system-design/20-translation-layer/10-human-surface,1
"editing UI","workbench",10-system-design/40-block-vocabulary/30-trees-and-paths/40-component-tree,1
"editing UI","workbench",10-system-design/40-block-vocabulary/40-structured-reference/30-structured-table,1
"editing UI","workbench",10-system-design/40-block-vocabulary/50-flow-and-diagrams/40-sequence,1
"editing UI","workbench",10-system-design/40-block-vocabulary/50-flow-and-diagrams/50-canvas,1
"editing UI","workbench",10-system-design/40-block-vocabulary,1
"editing UI","workbench",10-system-design/50-editor-design/10-reading-surface,2
"editing UI","workbench",10-system-design/50-editor-design/30-style-rail,3
"editing UI","workbench",10-system-design/50-editor-design/40-visual-system/20-typography-and-fonts,3
"editing UI","workbench",10-system-design/50-editor-design/40-visual-system/30-themes,2
"editing UI","workbench",10-system-design/50-editor-design/40-visual-system/40-code-colors,4
"editing UI","workbench",10-system-design/50-editor-design,1
"editing UI","workbench",10-system-design,2
"editing UI","workbench",30-implementation/10-packages/30-docs-server,1
"editing UI","workbench",30-implementation/10-packages/40-docs-viewer,1
"editing UI","workbench",30-implementation/10-packages/50-docs-workbench,4
"editing UI","workbench",30-implementation/10-packages/60-docs-cli,3
"editing UI","workbench",30-implementation/10-packages/70-framework,1
"editing UI","workbench",30-implementation/10-packages/80-external-canvas,2
"editing UI","workbench",30-implementation/10-packages/85-docs-mcp,2
"editing UI","workbench",30-implementation/10-packages/90-docs-publish,6
"editing UI","workbench",30-implementation/10-packages,2
"editing UI","workbench",30-implementation/20-workbench,6
"editing UI","workbench",30-implementation/40-theming,1
"editing UI","workbench",30-implementation,1
"editing UI","workbench",40-guides/10-docs-mcp/10-setup,1
"editing UI","workbench",40-guides/10-docs-mcp/30-sync,1
"editing UI","workbench",40-guides/30-run-central-docs,1
"editing UI","workbench",40-guides/40-export-pdf,1
"editing UI","editor",00-foundation/10-design-principles,1
"editing UI","editor",10-system-design/20-translation-layer/10-human-surface,3
"editing UI","editor",10-system-design/20-translation-layer,2
"editing UI","editor",10-system-design/30-data-model/10-document-tree,1
"editing UI","editor",10-system-design/30-data-model/20-block-design/20-typed-actions,1
"editing UI","editor",10-system-design/30-data-model/20-block-design/30-doc-renderer,1
"editing UI","editor",10-system-design/30-data-model/50-mutation-model/10-undo-redo,2
"editing UI","editor",10-system-design/30-data-model/50-mutation-model/20-copy-paste,2
"editing UI","editor",10-system-design/30-data-model/50-mutation-model,3
"editing UI","editor",10-system-design/40-block-vocabulary/10-text-and-media/10-rich-text/11-heading,2
"editing UI","editor",10-system-design/40-block-vocabulary/10-text-and-media/10-rich-text/12-list-item,1
"editing UI","editor",10-system-design/40-block-vocabulary/10-text-and-media/10-rich-text/14-callout,1
"editing UI","editor",10-system-design/40-block-vocabulary/10-text-and-media/10-rich-text/15-divider,1
"editing UI","editor",10-system-design/40-block-vocabulary/10-text-and-media/10-rich-text/16-image,1
"editing UI","editor",10-system-design/40-block-vocabulary/10-text-and-media/10-rich-text/18-html,3
"editing UI","editor",10-system-design/40-block-vocabulary/10-text-and-media/10-rich-text/19-image-grid,2
"editing UI","editor",10-system-design/40-block-vocabulary/20-code/10-code-block,2
"editing UI","editor",10-system-design/40-block-vocabulary/30-trees-and-paths/10-file-tree,3
"editing UI","editor",10-system-design/40-block-vocabulary/30-trees-and-paths/40-component-tree,1
"editing UI","editor",10-system-design/40-block-vocabulary/40-structured-reference/10-state-shape,1
"editing UI","editor",10-system-design/40-block-vocabulary/40-structured-reference/20-interaction-surface,2
"editing UI","editor",10-system-design/40-block-vocabulary/40-structured-reference/30-structured-table,7
"editing UI","editor",10-system-design/40-block-vocabulary/50-flow-and-diagrams/10-process-outline,2
"editing UI","editor",10-system-design/40-block-vocabulary/50-flow-and-diagrams/40-sequence,2
"editing UI","editor",10-system-design/40-block-vocabulary/50-flow-and-diagrams/50-canvas,2
"editing UI","editor",10-system-design/40-block-vocabulary,2
"editing UI","editor",10-system-design/50-editor-design/10-reading-surface,1
"editing UI","editor",10-system-design/50-editor-design/20-editing-interactions/10-typing-model,1
"editing UI","editor",10-system-design/50-editor-design/20-editing-interactions/20-slash-menu,5
"editing UI","editor",10-system-design/50-editor-design/20-editing-interactions/30-selection-and-movement,8
"editing UI","editor",10-system-design/50-editor-design/20-editing-interactions/40-in-place-editing,6
"editing UI","editor",10-system-design/50-editor-design/20-editing-interactions,16
"editing UI","editor",10-system-design/50-editor-design/30-style-rail,1
"editing UI","editor",10-system-design/50-editor-design/40-visual-system/10-tokens,4
"editing UI","editor",10-system-design/50-editor-design/40-visual-system/40-code-colors,7
"editing UI","editor",10-system-design/50-editor-design/40-visual-system,1
"editing UI","editor",10-system-design/50-editor-design/50-canvas-and-media,1
"editing UI","editor",10-system-design/50-editor-design,2
"editing UI","editor",10-system-design/70-central-docs-service,2
"editing UI","editor",10-system-design,2
"editing UI","editor",30-implementation/10-packages/40-docs-viewer,6
"editing UI","editor",30-implementation/10-packages/50-docs-workbench,1
"editing UI","editor",30-implementation/10-packages/80-external-canvas,1
"editing UI","editor",30-implementation/10-packages/85-docs-mcp,1
"editing UI","editor",30-implementation/10-packages,3
"editing UI","editor",30-implementation/20-workbench,4
"editing UI","editor",30-implementation,1
"editing UI","editor",40-guides/10-docs-mcp/20-skills,1
"editing UI","editor",40-guides/30-run-central-docs,2
"editing UI","editor",40-guides/40-export-pdf,1
"editing UI","editor",40-guides/60-shared-env,1
"editing UI","studio",10-system-design/40-block-vocabulary/50-flow-and-diagrams/40-sequence,2
"editing UI","studio",10-system-design/40-block-vocabulary/50-flow-and-diagrams/50-canvas,2
"editing UI","studio",10-system-design/50-editor-design/50-canvas-and-media,8
"editing UI","studio",30-implementation/10-packages/80-external-canvas,3
"editing UI","studio",30-implementation/10-packages/90-docs-publish,1
"editing UI","studio",40-guides/40-export-pdf,1
"editing UI","app",10-system-design/20-translation-layer,1
"editing UI","app",10-system-design/50-editor-design/50-canvas-and-media,2
"editing UI","app",30-implementation/10-packages/40-docs-viewer,1
"editing UI","app",30-implementation/10-packages/50-docs-workbench,2
"editing UI","app",30-implementation/10-packages/60-docs-cli,1
"editing UI","app",30-implementation/10-packages/85-docs-mcp,3
"editing UI","app",30-implementation/10-packages,3
"editing UI","app",30-implementation/20-workbench,1
"editing UI","app",40-guides/30-run-central-docs,1
"agent-facing output","agent surface",10-system-design/20-translation-layer/20-agent-surface,1
"agent-facing output","agent surface",10-system-design/20-translation-layer,1
"agent-facing output","agent surface",10-system-design/40-block-vocabulary/10-text-and-media/10-rich-text/10-paragraph,1
"agent-facing output","agent surface",10-system-design/40-block-vocabulary/10-text-and-media/10-rich-text/11-heading,1
"agent-facing output","agent surface",10-system-design/40-block-vocabulary/10-text-and-media/10-rich-text/16-image,1
"agent-facing output","agent surface",10-system-design/40-block-vocabulary/10-text-and-media/10-rich-text,1
"agent-facing output","agent surface",10-system-design/40-block-vocabulary/20-code/10-code-block,1
"agent-facing output","agent surface",10-system-design/40-block-vocabulary,1
"agent-facing output","agent view",10-system-design/40-block-vocabulary/50-flow-and-diagrams/50-canvas,1
"agent-facing output","agent adapter",10-system-design/30-data-model/20-block-design/60-agent-adapter,1
"agent-facing output","agent adapter",10-system-design/30-data-model/30-annotations,1
"agent-facing output","agent adapter",10-system-design/40-block-vocabulary/10-text-and-media/10-rich-text/18-html,1
"agent-facing output","agent adapter",10-system-design/40-block-vocabulary/10-text-and-media/10-rich-text,1
"agent-facing output","agent adapter",10-system-design/40-block-vocabulary/20-code/10-code-block,1
"agent-facing output","agent adapter",10-system-design/40-block-vocabulary/30-trees-and-paths/10-file-tree,1
"agent-facing output","agent adapter",10-system-design/40-block-vocabulary/40-structured-reference/10-state-shape,1
"agent-facing output","agent adapter",10-system-design/40-block-vocabulary/40-structured-reference/20-interaction-surface,1
"agent-facing output","agent adapter",10-system-design/40-block-vocabulary/40-structured-reference/30-structured-table,1
"agent-facing output","agent adapter",10-system-design/40-block-vocabulary/50-flow-and-diagrams/10-process-outline,2
"agent-facing output","agent adapter",10-system-design/40-block-vocabulary/50-flow-and-diagrams/30-stack,1
"agent-facing output","agent adapter",10-system-design/40-block-vocabulary/50-flow-and-diagrams/40-sequence,1
"agent-facing output","agent adapter",10-system-design/40-block-vocabulary/50-flow-and-diagrams/50-canvas,1
"agent-facing output","agent adapter",10-system-design/40-block-vocabulary,1
"agent-facing output","agent renderer",00-foundation/10-design-principles,1
"agent-facing output","agent renderer",10-system-design/30-data-model/20-block-design/40-agent-renderer,2
"agent-facing output","agent renderer",10-system-design/30-data-model/20-block-design,1
"agent-facing output","agent renderer",10-system-design/30-data-model,1
"agent-facing output","agent renderer",10-system-design/40-block-vocabulary/10-text-and-media/10-rich-text/10-paragraph,1
"agent-facing output","agent renderer",10-system-design/40-block-vocabulary/10-text-and-media/10-rich-text/11-heading,1
"agent-facing output","agent renderer",10-system-design/40-block-vocabulary/10-text-and-media/10-rich-text/12-list-item,1
"agent-facing output","agent renderer",10-system-design/40-block-vocabulary/10-text-and-media/10-rich-text/14-callout,1
"agent-facing output","agent renderer",10-system-design/40-block-vocabulary/10-text-and-media/10-rich-text/15-divider,1
"agent-facing output","agent renderer",10-system-design/40-block-vocabulary/10-text-and-media/10-rich-text/16-image,1
"agent-facing output","agent renderer",10-system-design/40-block-vocabulary/10-text-and-media/10-rich-text/17-video,1
"agent-facing output","agent renderer",10-system-design/40-block-vocabulary/10-text-and-media/10-rich-text/18-html,1
"agent-facing output","agent renderer",10-system-design/40-block-vocabulary/10-text-and-media/10-rich-text/19-image-grid,1
"agent-facing output","agent renderer",10-system-design/40-block-vocabulary/10-text-and-media/10-rich-text,1
"agent-facing output","agent renderer",10-system-design/40-block-vocabulary/20-code/10-code-block,1
"agent-facing output","agent renderer",10-system-design/40-block-vocabulary/20-code/20-pseudocode,1
"agent-facing output","agent renderer",10-system-design/40-block-vocabulary/30-trees-and-paths/10-file-tree,1
"agent-facing output","agent renderer",10-system-design/40-block-vocabulary/30-trees-and-paths/20-file-explorer,1
"agent-facing output","agent renderer",10-system-design/40-block-vocabulary/30-trees-and-paths/30-call-stack,1
"agent-facing output","agent renderer",10-system-design/40-block-vocabulary/30-trees-and-paths/40-component-tree,1
"agent-facing output","agent renderer",10-system-design/40-block-vocabulary/40-structured-reference/10-state-shape,1
"agent-facing output","agent renderer",10-system-design/40-block-vocabulary/40-structured-reference/20-interaction-surface,1
"agent-facing output","agent renderer",10-system-design/40-block-vocabulary/40-structured-reference/30-structured-table,1
"agent-facing output","agent renderer",10-system-design/40-block-vocabulary/50-flow-and-diagrams/10-process-outline,1
"agent-facing output","agent renderer",10-system-design/40-block-vocabulary/50-flow-and-diagrams/20-flow-strip,1
"agent-facing output","agent renderer",10-system-design/40-block-vocabulary/50-flow-and-diagrams/30-stack,1
"agent-facing output","agent renderer",10-system-design/40-block-vocabulary/50-flow-and-diagrams/40-sequence,1
"agent-facing output","agent renderer",10-system-design/40-block-vocabulary/50-flow-and-diagrams/50-canvas,1
"agent-facing output","agent renderer",10-system-design/40-block-vocabulary,1
"agent-facing output","agent renderer",10-system-design/50-editor-design/50-canvas-and-media,1
"agent-facing output","projection",00-foundation/00-manifesto,2
"agent-facing output","projection",10-system-design/40-block-vocabulary/10-text-and-media/10-rich-text/18-html,2
"agent-facing output","projection",10-system-design/40-block-vocabulary/10-text-and-media/10-rich-text/19-image-grid,2
"agent-facing output","projection",10-system-design/40-block-vocabulary/20-code/10-code-block,1
"agent-facing output","projection",10-system-design/40-block-vocabulary/20-code/20-pseudocode,1
"agent-facing output","projection",10-system-design/40-block-vocabulary/30-trees-and-paths/30-call-stack,1
"agent-facing output","projection",10-system-design/40-block-vocabulary/40-structured-reference/10-state-shape,1
"agent-facing output","projection",10-system-design/40-block-vocabulary/40-structured-reference/20-interaction-surface,2
"agent-facing output","projection",10-system-design/40-block-vocabulary/40-structured-reference/30-structured-table,1
"agent-facing output","projection",10-system-design/40-block-vocabulary/50-flow-and-diagrams/10-process-outline,3
"agent-facing output","projection",10-system-design/40-block-vocabulary/50-flow-and-diagrams/20-flow-strip,1
"agent-facing output","projection",10-system-design/40-block-vocabulary/50-flow-and-diagrams/30-stack,1
"agent-facing output","projection",10-system-design/40-block-vocabulary/50-flow-and-diagrams/40-sequence,5
"agent-facing output","projection",30-implementation/10-packages/70-framework,1
"block data","props",10-system-design/30-data-model/10-document-tree,3
"block data","props",10-system-design/30-data-model/20-block-design/10-state-schema,1
"block data","props",10-system-design/30-data-model/20-block-design/20-typed-actions,2
"block data","props",10-system-design/30-data-model/20-block-design,1
"block data","props",10-system-design/30-data-model/40-serialization,2
"block data","props",10-system-design/30-data-model/50-mutation-model/10-undo-redo,1
"block data","props",10-system-design/30-data-model/50-mutation-model/20-copy-paste,1
"block data","props",10-system-design/30-data-model/50-mutation-model,9
"block data","props",10-system-design/40-block-vocabulary/10-text-and-media/10-rich-text/10-paragraph,2
"block data","props",10-system-design/40-block-vocabulary/10-text-and-media/10-rich-text/11-heading,3
"block data","props",10-system-design/40-block-vocabulary/10-text-and-media/10-rich-text/12-list-item,2
"block data","props",10-system-design/40-block-vocabulary/10-text-and-media/10-rich-text/14-callout,2
"block data","props",10-system-design/40-block-vocabulary/10-text-and-media/10-rich-text/15-divider,1
"block data","props",10-system-design/40-block-vocabulary/10-text-and-media/10-rich-text/16-image,2
"block data","props",10-system-design/40-block-vocabulary/10-text-and-media/10-rich-text/17-video,2
"block data","props",10-system-design/40-block-vocabulary/10-text-and-media/10-rich-text/18-html,6
"block data","props",10-system-design/40-block-vocabulary/10-text-and-media/10-rich-text/19-image-grid,1
"block data","props",10-system-design/40-block-vocabulary/10-text-and-media/10-rich-text,2
"block data","props",10-system-design/40-block-vocabulary/20-code/10-code-block,2
"block data","props",10-system-design/40-block-vocabulary/20-code/20-pseudocode,1
"block data","props",10-system-design/40-block-vocabulary/30-trees-and-paths/10-file-tree,4
"block data","props",10-system-design/40-block-vocabulary/30-trees-and-paths/20-file-explorer,1
"block data","props",10-system-design/40-block-vocabulary/30-trees-and-paths/30-call-stack,1
"block data","props",10-system-design/40-block-vocabulary/30-trees-and-paths/40-component-tree,1
"block data","props",10-system-design/40-block-vocabulary/40-structured-reference/10-state-shape,7
"block data","props",10-system-design/40-block-vocabulary/40-structured-reference/20-interaction-surface,8
"block data","props",10-system-design/40-block-vocabulary/40-structured-reference/30-structured-table,5
"block data","props",10-system-design/40-block-vocabulary/40-structured-reference,1
"block data","props",10-system-design/40-block-vocabulary/50-flow-and-diagrams/10-process-outline,5
"block data","props",10-system-design/40-block-vocabulary/50-flow-and-diagrams/20-flow-strip,1
"block data","props",10-system-design/40-block-vocabulary/50-flow-and-diagrams/30-stack,2
"block data","props",10-system-design/40-block-vocabulary/50-flow-and-diagrams/40-sequence,4
"block data","props",10-system-design/40-block-vocabulary/50-flow-and-diagrams/50-canvas,9
"block data","props",10-system-design/40-block-vocabulary,25
"block data","props",10-system-design/50-editor-design/50-canvas-and-media,1
"block data","props",10-system-design,1
"block data","props",30-implementation/10-packages/10-docs-model,3
"block data","props",30-implementation/10-packages/40-docs-viewer,1
"block data","props",30-implementation/10-packages/90-docs-publish,1
"block data","state",00-foundation/10-design-principles,5
"block data","state",10-system-design/10-doc-standards/10-structure,2
"block data","state",10-system-design/10-doc-standards/20-numbering,1
"block data","state",10-system-design/10-doc-standards/30-cross-doc-linking,1
"block data","state",10-system-design/10-doc-standards/40-code-linking,1
"block data","state",10-system-design/10-doc-standards/50-in-code-docs,2
"block data","state",10-system-design/10-doc-standards/60-implementation-layer,3
"block data","state",10-system-design/10-doc-standards/70-document-purpose,4
"block data","state",10-system-design/10-doc-standards/80-authoring-lints,1
"block data","state",10-system-design/10-doc-standards,1
"block data","state",10-system-design/20-translation-layer/10-human-surface,3
"block data","state",10-system-design/20-translation-layer/20-agent-surface,2
"block data","state",10-system-design/20-translation-layer,5
"block data","state",10-system-design/30-data-model/20-block-design/10-state-schema,5
"block data","state",10-system-design/30-data-model/20-block-design/20-typed-actions,4
"block data","state",10-system-design/30-data-model/20-block-design/30-doc-renderer,5
"block data","state",10-system-design/30-data-model/20-block-design/40-agent-renderer,2
"block data","state",10-system-design/30-data-model/20-block-design/50-theming,2
"block data","state",10-system-design/30-data-model/20-block-design,11
"block data","state",10-system-design/30-data-model/30-annotations,1
"block data","state",10-system-design/30-data-model/50-mutation-model/10-undo-redo,2
"block data","state",10-system-design/30-data-model/50-mutation-model,6
"block data","state",10-system-design/30-data-model/60-change-sets,5
"block data","state",10-system-design/30-data-model,2
"block data","state",10-system-design/40-block-vocabulary/10-text-and-media/10-rich-text/10-paragraph,1
"block data","state",10-system-design/40-block-vocabulary/10-text-and-media/10-rich-text/11-heading,1
"block data","state",10-system-design/40-block-vocabulary/10-text-and-media/10-rich-text/12-list-item,1
"block data","state",10-system-design/40-block-vocabulary/10-text-and-media/10-rich-text/14-callout,1
"block data","state",10-system-design/40-block-vocabulary/10-text-and-media/10-rich-text/15-divider,1
"block data","state",10-system-design/40-block-vocabulary/10-text-and-media/10-rich-text/16-image,1
"block data","state",10-system-design/40-block-vocabulary/10-text-and-media/10-rich-text/17-video,1
"block data","state",10-system-design/40-block-vocabulary/10-text-and-media/10-rich-text/18-html,3
"block data","state",10-system-design/40-block-vocabulary/10-text-and-media/10-rich-text/19-image-grid,1
"block data","state",10-system-design/40-block-vocabulary/10-text-and-media/10-rich-text,7
"block data","state",10-system-design/40-block-vocabulary/20-code/10-code-block,5
"block data","state",10-system-design/40-block-vocabulary/20-code/20-pseudocode,1
"block data","state",10-system-design/40-block-vocabulary/30-trees-and-paths/10-file-tree,4
"block data","state",10-system-design/40-block-vocabulary/30-trees-and-paths/20-file-explorer,1
"block data","state",10-system-design/40-block-vocabulary/30-trees-and-paths/30-call-stack,3
"block data","state",10-system-design/40-block-vocabulary/30-trees-and-paths/40-component-tree,3
"block data","state",10-system-design/40-block-vocabulary/40-structured-reference/10-state-shape,14
"block data","state",10-system-design/40-block-vocabulary/40-structured-reference/20-interaction-surface,17
"block data","state",10-system-design/40-block-vocabulary/40-structured-reference/30-structured-table,4
"block data","state",10-system-design/40-block-vocabulary/40-structured-reference,4
"block data","state",10-system-design/40-block-vocabulary/50-flow-and-diagrams/10-process-outline,4
"block data","state",10-system-design/40-block-vocabulary/50-flow-and-diagrams/20-flow-strip,2
"block data","state",10-system-design/40-block-vocabulary/50-flow-and-diagrams/30-stack,3
"block data","state",10-system-design/40-block-vocabulary/50-flow-and-diagrams/40-sequence,4
"block data","state",10-system-design/40-block-vocabulary/50-flow-and-diagrams/50-canvas,6
"block data","state",10-system-design/40-block-vocabulary,8
"block data","state",10-system-design/50-editor-design/20-editing-interactions/20-slash-menu,1
"block data","state",10-system-design/50-editor-design/20-editing-interactions/40-in-place-editing,5
"block data","state",10-system-design/50-editor-design/20-editing-interactions,2
"block data","state",10-system-design/50-editor-design/30-style-rail,3
"block data","state",10-system-design/50-editor-design/40-visual-system/30-themes,6
"block data","state",10-system-design/50-editor-design/40-visual-system/40-code-colors,1
"block data","state",10-system-design/50-editor-design/50-canvas-and-media,1
"block data","state",10-system-design/70-central-docs-service,2
"block data","state",10-system-design,7
"block data","state",30-implementation/10-packages/10-docs-model,4
"block data","state",30-implementation/10-packages/20-docs-index,5
"block data","state",30-implementation/10-packages/50-docs-workbench,2
"block data","state",30-implementation/10-packages/60-docs-cli,4
"block data","state",30-implementation/10-packages/85-docs-mcp,6
"block data","state",30-implementation/10-packages,1
"block data","state",30-implementation/40-theming,6
"block data","state",30-implementation,1
"block data","state",40-guides/10-docs-mcp/20-skills,3
"block data","state",40-guides/10-docs-mcp/40-recovery,6
"block data","state",40-guides/10-docs-mcp/50-document-management,1
"block data","state",40-guides/30-run-central-docs,5
"block data","state",99-appendix/10-style-guide/10-writing-style,6
"block data","state",99-appendix/10-style-guide/20-structure,2
"block data","state",99-appendix/10-style-guide,1
"block data","data",00-foundation/10-design-principles,1
"block data","data",10-system-design/10-doc-standards/60-implementation-layer,1
"block data","data",10-system-design/10-doc-standards/80-authoring-lints,1
"block data","data",10-system-design/30-data-model/10-document-tree,1
"block data","data",10-system-design/30-data-model/20-block-design/20-typed-actions,2
"block data","data",10-system-design/30-data-model/20-block-design/50-theming,1
"block data","data",10-system-design/30-data-model/20-block-design/60-agent-adapter,1
"block data","data",10-system-design/30-data-model/20-block-design,1
"block data","data",10-system-design/30-data-model/50-mutation-model/20-copy-paste,1
"block data","data",10-system-design/30-data-model,1
"block data","data",10-system-design/40-block-vocabulary/10-text-and-media/10-rich-text/18-html,2
"block data","data",10-system-design/40-block-vocabulary/10-text-and-media/10-rich-text,1
"block data","data",10-system-design/40-block-vocabulary/20-code/10-code-block,1
"block data","data",10-system-design/40-block-vocabulary/30-trees-and-paths/10-file-tree,1
"block data","data",10-system-design/40-block-vocabulary/40-structured-reference/10-state-shape,1
"block data","data",10-system-design/40-block-vocabulary/40-structured-reference/20-interaction-surface,1
"block data","data",10-system-design/40-block-vocabulary/40-structured-reference/30-structured-table,2
"block data","data",10-system-design/40-block-vocabulary/50-flow-and-diagrams/10-process-outline,1
"block data","data",10-system-design/40-block-vocabulary/50-flow-and-diagrams/40-sequence,2
"block data","data",10-system-design/40-block-vocabulary/50-flow-and-diagrams/50-canvas,2
"block data","data",10-system-design/50-editor-design/10-reading-surface,1
"block data","data",10-system-design/50-editor-design/20-editing-interactions/20-slash-menu,1
"block data","data",10-system-design/70-central-docs-service,1
"block data","data",30-implementation/10-packages/10-docs-model,2
"block data","data",30-implementation/10-packages/40-docs-viewer,2
"block data","data",30-implementation/10-packages/50-docs-workbench,2
"block data","data",30-implementation/10-packages/90-docs-publish,5
"block data","data",30-implementation/10-packages,1
"block data","data",30-implementation/20-workbench,2
"block data","data",40-guides/50-deploy-github-pages,3
"block data","attribute",10-system-design/30-data-model/40-serialization,2
"block data","attribute",10-system-design/40-block-vocabulary/10-text-and-media/10-rich-text/18-html,1
"block data","attribute",10-system-design/40-block-vocabulary/10-text-and-media/10-rich-text,4
"block data","attribute",10-system-design/40-block-vocabulary/20-code/10-code-block,2
"block data","attribute",10-system-design/40-block-vocabulary/40-structured-reference/30-structured-table,1
"block data","attribute",10-system-design/50-editor-design/40-visual-system/40-code-colors,1
"block data","field",10-system-design/10-doc-standards/80-authoring-lints,3
"block data","field",10-system-design/30-data-model/20-block-design/10-state-schema,2
"block data","field",10-system-design/30-data-model/20-block-design,1
"block data","field",10-system-design/30-data-model/30-annotations,4
"block data","field",10-system-design/40-block-vocabulary/10-text-and-media/10-rich-text,2
"block data","field",10-system-design/40-block-vocabulary/20-code/10-code-block,1
"block data","field",10-system-design/40-block-vocabulary/30-trees-and-paths/10-file-tree,2
"block data","field",10-system-design/40-block-vocabulary/40-structured-reference/10-state-shape,49
"block data","field",10-system-design/40-block-vocabulary/40-structured-reference/20-interaction-surface,15
"block data","field",10-system-design/40-block-vocabulary/40-structured-reference/30-structured-table,1
"block data","field",10-system-design/40-block-vocabulary/40-structured-reference,3
"block data","field",10-system-design/40-block-vocabulary/50-flow-and-diagrams/20-flow-strip,1
"block data","field",10-system-design/40-block-vocabulary/50-flow-and-diagrams/40-sequence,11
"block data","field",10-system-design/40-block-vocabulary/50-flow-and-diagrams/50-canvas,4
"block data","field",10-system-design/40-block-vocabulary,2
"block data","field",10-system-design/50-editor-design/40-visual-system/30-themes,1
"block data","field",10-system-design/50-editor-design/40-visual-system/40-code-colors,1
"block data","field",30-implementation/10-packages/90-docs-publish,1
"block data","field",40-guides/10-docs-mcp/30-sync,1
"block data","field",40-guides/50-deploy-github-pages,1
"block data","property",10-system-design/40-block-vocabulary/30-trees-and-paths/30-call-stack,1
"block data","property",10-system-design/40-block-vocabulary/40-structured-reference,1
"block data","property",10-system-design/50-editor-design/20-editing-interactions/30-selection-and-movement,1
"block data","property",10-system-design/50-editor-design/30-style-rail,1
"block data","property",10-system-design/50-editor-design/40-visual-system/30-themes,1
"block data","property",10-system-design/50-editor-design/40-visual-system/40-code-colors,1
"block data","property",30-implementation/40-theming/10-system-ui,4
"block data","property",30-implementation/40-theming,7
"version marker","hash",10-system-design/20-translation-layer/20-agent-surface,1
"version marker","hash",10-system-design/20-translation-layer,1
"version marker","hash",10-system-design/30-data-model/30-annotations,2
"version marker","hash",10-system-design/30-data-model/40-serialization,14
"version marker","hash",10-system-design/30-data-model/50-mutation-model/10-undo-redo,3
"version marker","hash",10-system-design/30-data-model/50-mutation-model,9
"version marker","hash",10-system-design/30-data-model/60-change-sets,3
"version marker","hash",10-system-design/30-data-model,1
"version marker","hash",10-system-design/40-block-vocabulary/10-text-and-media/10-rich-text/18-html,1
"version marker","hash",10-system-design/40-block-vocabulary/10-text-and-media/10-rich-text/19-image-grid,1
"version marker","hash",10-system-design/40-block-vocabulary/30-trees-and-paths/30-call-stack,1
"version marker","hash",10-system-design/40-block-vocabulary/40-structured-reference/20-interaction-surface,1
"version marker","hash",10-system-design/40-block-vocabulary/50-flow-and-diagrams/40-sequence,1
"version marker","hash",10-system-design/40-block-vocabulary/50-flow-and-diagrams/50-canvas,2
"version marker","hash",10-system-design/50-editor-design/20-editing-interactions,3
"version marker","hash",10-system-design/50-editor-design/50-canvas-and-media,3
"version marker","hash",10-system-design/60-product-versioning,1
"version marker","hash",30-implementation/10-packages/10-docs-model,2
"version marker","hash",30-implementation/10-packages/30-docs-server,3
"version marker","hash",30-implementation/10-packages/40-docs-viewer,2
"version marker","hash",30-implementation/10-packages/50-docs-workbench,1
"version marker","hash",30-implementation/10-packages/80-external-canvas,2
"version marker","hash",30-implementation/10-packages/85-docs-mcp,3
"version marker","hash",40-guides/10-docs-mcp/20-skills,1
"version marker","hash",40-guides/10-docs-mcp/30-sync,4
"version marker","hash",40-guides/10-docs-mcp/40-recovery,6
"version marker","hash",40-guides/10-docs-mcp/50-document-management,5
"version marker","hash",40-guides/50-deploy-github-pages,3
"version marker","revision",10-system-design/10-doc-standards/80-authoring-lints,1
"version marker","revision",10-system-design/40-block-vocabulary/10-text-and-media/10-rich-text/14-callout,1
"version marker","revision",10-system-design/40-block-vocabulary/10-text-and-media/10-rich-text/19-image-grid,1
"version marker","revision",10-system-design/40-block-vocabulary/40-structured-reference/20-interaction-surface,3
"version marker","revision",10-system-design/40-block-vocabulary/50-flow-and-diagrams/10-process-outline,1
"version marker","revision",10-system-design/70-central-docs-service,1
"version marker","revision",30-implementation/10-packages/85-docs-mcp,4
"version marker","revision",30-implementation/10-packages/90-docs-publish,1
"version marker","revision",40-guides/10-docs-mcp/40-recovery,5
"version marker","revision",40-guides/10-docs-mcp/50-document-management,1
"version marker","revision",99-appendix/10-style-guide/10-writing-style,2
"version marker","version",00-foundation/10-design-principles,1
"version marker","version",10-system-design/40-block-vocabulary/10-text-and-media/10-rich-text/18-html,1
"version marker","version",10-system-design/60-product-versioning,11
"version marker","version",10-system-design,1
"version marker","version",30-implementation/10-packages/70-framework,1
"version marker","version",30-implementation/10-packages/90-docs-publish,2
"version marker","version",40-guides/10-docs-mcp/30-sync,4
"version marker","version",40-guides/20-release-core-products,4
"version marker","baseline",10-system-design/10-doc-standards/80-authoring-lints,7
"version marker","baseline",10-system-design/30-data-model/50-mutation-model,1
"version marker","baseline",10-system-design/50-editor-design/20-editing-interactions,4
"version marker","baseline",10-system-design/50-editor-design/40-visual-system/20-typography-and-fonts,1
"version marker","baseline",10-system-design/60-product-versioning,1
"version marker","baseline",30-implementation/10-packages/85-docs-mcp,2
"version marker","baseline",40-guides/10-docs-mcp/40-recovery,1
"version marker","baseline",40-guides/20-release-core-products,1
"version marker","snapshot",10-system-design/30-data-model/50-mutation-model/10-undo-redo,1
"version marker","snapshot",10-system-design/40-block-vocabulary/50-flow-and-diagrams/20-flow-strip,2
"version marker","snapshot",10-system-design/40-block-vocabulary/50-flow-and-diagrams/40-sequence,2
"version marker","snapshot",10-system-design/40-block-vocabulary/50-flow-and-diagrams/50-canvas,1
"version marker","snapshot",10-system-design/50-editor-design/40-visual-system/30-themes,1
"version marker","snapshot",10-system-design/60-product-versioning,1
"version marker","snapshot",30-implementation/10-packages/85-docs-mcp,4
"version marker","snapshot",30-implementation/40-theming,1
"version marker","snapshot",40-guides/10-docs-mcp/20-skills,2
"version marker","snapshot",40-guides/10-docs-mcp/30-sync,7
"version marker","snapshot",40-guides/10-docs-mcp/40-recovery,1
"written words","prose",10-system-design/10-doc-standards/30-cross-doc-linking,4
"written words","prose",10-system-design/10-doc-standards/80-authoring-lints,8
"written words","prose",10-system-design/40-block-vocabulary/10-text-and-media/10-rich-text/10-paragraph,1
"written words","prose",10-system-design/40-block-vocabulary/10-text-and-media/10-rich-text,2
"written words","prose",10-system-design/40-block-vocabulary/10-text-and-media,1
"written words","prose",10-system-design/40-block-vocabulary/20-code/10-code-block,2
"written words","prose",10-system-design/40-block-vocabulary/30-trees-and-paths/30-call-stack,1
"written words","prose",10-system-design/40-block-vocabulary/40-structured-reference/10-state-shape,1
"written words","prose",10-system-design/40-block-vocabulary/40-structured-reference/30-structured-table,1
"written words","prose",10-system-design/40-block-vocabulary/50-flow-and-diagrams/10-process-outline,3
"written words","prose",10-system-design/40-block-vocabulary,1
"written words","prose",10-system-design/50-editor-design/40-visual-system/20-typography-and-fonts,1
"written words","prose",30-implementation/10-packages/90-docs-publish,1
"written words","prose",40-guides/10-docs-mcp/40-recovery,1
"written words","prose",99-appendix/10-style-guide/10-writing-style,3
"written words","prose",99-appendix/10-style-guide/20-structure,2
"written words","prose",99-appendix/10-style-guide,1
"written words","text",10-system-design/10-doc-standards/30-cross-doc-linking,2
"written words","text",10-system-design/10-doc-standards/80-authoring-lints,5
"written words","text",10-system-design/20-translation-layer/10-human-surface,3
"written words","text",10-system-design/20-translation-layer/20-agent-surface,4
"written words","text",10-system-design/20-translation-layer,4
"written words","text",10-system-design/30-data-model/10-document-tree,6
"written words","text",10-system-design/30-data-model/20-block-design/30-doc-renderer,1
"written words","text",10-system-design/30-data-model/20-block-design/40-agent-renderer,3
"written words","text",10-system-design/30-data-model/20-block-design,3
"written words","text",10-system-design/30-data-model/30-annotations,8
"written words","text",10-system-design/30-data-model/40-serialization,1
"written words","text",10-system-design/30-data-model/50-mutation-model/10-undo-redo,1
"written words","text",10-system-design/30-data-model/50-mutation-model/20-copy-paste,6
"written words","text",10-system-design/30-data-model/50-mutation-model,7
"written words","text",10-system-design/30-data-model/60-change-sets,1
"written words","text",10-system-design/40-block-vocabulary/10-text-and-media/10-rich-text/10-paragraph,8
"written words","text",10-system-design/40-block-vocabulary/10-text-and-media/10-rich-text/11-heading,3
"written words","text",10-system-design/40-block-vocabulary/10-text-and-media/10-rich-text/12-list-item,2
"written words","text",10-system-design/40-block-vocabulary/10-text-and-media/10-rich-text/14-callout,8
"written words","text",10-system-design/40-block-vocabulary/10-text-and-media/10-rich-text/15-divider,1
"written words","text",10-system-design/40-block-vocabulary/10-text-and-media/10-rich-text/16-image,8
"written words","text",10-system-design/40-block-vocabulary/10-text-and-media/10-rich-text/17-video,4
"written words","text",10-system-design/40-block-vocabulary/10-text-and-media/10-rich-text/18-html,2
"written words","text",10-system-design/40-block-vocabulary/10-text-and-media/10-rich-text/19-image-grid,4
"written words","text",10-system-design/40-block-vocabulary/10-text-and-media/10-rich-text,24
"written words","text",10-system-design/40-block-vocabulary/10-text-and-media,4
"written words","text",10-system-design/40-block-vocabulary/20-code/10-code-block,12
"written words","text",10-system-design/40-block-vocabulary/20-code/20-pseudocode,3
"written words","text",10-system-design/40-block-vocabulary/20-code,1
"written words","text",10-system-design/40-block-vocabulary/30-trees-and-paths/10-file-tree,4
"written words","text",10-system-design/40-block-vocabulary/30-trees-and-paths/20-file-explorer,2
"written words","text",10-system-design/40-block-vocabulary/30-trees-and-paths/30-call-stack,1
"written words","text",10-system-design/40-block-vocabulary/30-trees-and-paths/40-component-tree,1
"written words","text",10-system-design/40-block-vocabulary/40-structured-reference/10-state-shape,7
"written words","text",10-system-design/40-block-vocabulary/40-structured-reference/20-interaction-surface,3
"written words","text",10-system-design/40-block-vocabulary/40-structured-reference/30-structured-table,9
"written words","text",10-system-design/40-block-vocabulary/50-flow-and-diagrams/10-process-outline,28
"written words","text",10-system-design/40-block-vocabulary/50-flow-and-diagrams/20-flow-strip,5
"written words","text",10-system-design/40-block-vocabulary/50-flow-and-diagrams/30-stack,2
"written words","text",10-system-design/40-block-vocabulary/50-flow-and-diagrams/40-sequence,3
"written words","text",10-system-design/40-block-vocabulary/50-flow-and-diagrams/50-canvas,1
"written words","text",10-system-design/40-block-vocabulary,14
"written words","text",10-system-design/50-editor-design/10-reading-surface,5
"written words","text",10-system-design/50-editor-design/20-editing-interactions/10-typing-model,12
"written words","text",10-system-design/50-editor-design/20-editing-interactions/20-slash-menu,5
"written words","text",10-system-design/50-editor-design/20-editing-interactions/30-selection-and-movement,7
"written words","text",10-system-design/50-editor-design/20-editing-interactions/40-in-place-editing,5
"written words","text",10-system-design/50-editor-design/20-editing-interactions,1
"written words","text",10-system-design/50-editor-design/30-style-rail,1
"written words","text",10-system-design/50-editor-design/40-visual-system/20-typography-and-fonts,1
"written words","text",10-system-design/50-editor-design/40-visual-system/40-code-colors,1
"written words","text",10-system-design/50-editor-design/50-canvas-and-media,3
"written words","text",10-system-design,1
"written words","text",30-implementation/10-packages/10-docs-model,2
"written words","text",30-implementation/10-packages/40-docs-viewer,2
"written words","text",30-implementation/10-packages/60-docs-cli,1
"written words","text",30-implementation/10-packages/70-framework,1
"written words","text",30-implementation/10-packages/90-docs-publish,5
"written words","text",30-implementation/20-workbench,1
"written words","text",30-implementation/40-theming/10-system-ui,1
"written words","text",40-guides/10-docs-mcp/20-skills,2
"written words","text",40-guides/10-docs-mcp/30-sync,1
"written words","text",99-appendix/10-style-guide/20-structure,1
"written words","copy",10-system-design/20-translation-layer/10-human-surface,1
"written words","copy",10-system-design/30-data-model/50-mutation-model/20-copy-paste,4
"written words","copy",10-system-design/30-data-model/50-mutation-model,1
"written words","copy",10-system-design/30-data-model,1
"written words","copy",10-system-design/40-block-vocabulary/20-code/10-code-block,3
"written words","copy",10-system-design/40-block-vocabulary/50-flow-and-diagrams/10-process-outline,1
"written words","copy",10-system-design/40-block-vocabulary/50-flow-and-diagrams/50-canvas,1
"written words","copy",10-system-design/50-editor-design/20-editing-interactions/30-selection-and-movement,3
"written words","copy",10-system-design/50-editor-design/40-visual-system/30-themes,3
"written words","copy",10-system-design/50-editor-design/50-canvas-and-media,1
"written words","copy",30-implementation/10-packages/70-framework,1
"written words","copy",30-implementation/10-packages/80-external-canvas,1
"written words","copy",30-implementation/20-workbench,1
"written words","copy",30-implementation/40-theming/10-system-ui,2
"written words","copy",30-implementation/40-theming,1
"written words","copy",40-guides/50-deploy-github-pages,1
"written words","content",10-system-design/10-doc-standards/10-structure,2
"written words","content",10-system-design/10-doc-standards/20-numbering,3
"written words","content",10-system-design/10-doc-standards/60-implementation-layer,2
"written words","content",10-system-design/10-doc-standards/80-authoring-lints,1
"written words","content",10-system-design/10-doc-standards,2
"written words","content",10-system-design/30-data-model/30-annotations,2
"written words","content",10-system-design/30-data-model/40-serialization,5
"written words","content",10-system-design/30-data-model/50-mutation-model/20-copy-paste,1
"written words","content",10-system-design/30-data-model/50-mutation-model,5
"written words","content",10-system-design/30-data-model/60-change-sets,3
"written words","content",10-system-design/30-data-model,2
"written words","content",10-system-design/40-block-vocabulary/10-text-and-media/10-rich-text/14-callout,3
"written words","content",10-system-design/40-block-vocabulary/10-text-and-media/10-rich-text/15-divider,1
"written words","content",10-system-design/40-block-vocabulary/10-text-and-media/10-rich-text/17-video,2
"written words","content",10-system-design/40-block-vocabulary/10-text-and-media/10-rich-text/18-html,6
"written words","content",10-system-design/40-block-vocabulary/10-text-and-media/10-rich-text,1
"written words","content",10-system-design/40-block-vocabulary/20-code/10-code-block,1
"written words","content",10-system-design/40-block-vocabulary/30-trees-and-paths/10-file-tree,1
"written words","content",10-system-design/40-block-vocabulary/40-structured-reference/10-state-shape,1
"written words","content",10-system-design/40-block-vocabulary/40-structured-reference/20-interaction-surface,4
"written words","content",10-system-design/40-block-vocabulary/40-structured-reference/30-structured-table,4
"written words","content",10-system-design/40-block-vocabulary/50-flow-and-diagrams/10-process-outline,1
"written words","content",10-system-design/40-block-vocabulary/50-flow-and-diagrams/40-sequence,3
"written words","content",10-system-design/40-block-vocabulary/50-flow-and-diagrams/50-canvas,3
"written words","content",10-system-design/50-editor-design/10-reading-surface,4
"written words","content",10-system-design/50-editor-design/20-editing-interactions/10-typing-model,1
"written words","content",10-system-design/50-editor-design/20-editing-interactions/20-slash-menu,4
"written words","content",10-system-design/50-editor-design/20-editing-interactions/40-in-place-editing,1
"written words","content",10-system-design/50-editor-design/20-editing-interactions,2
"written words","content",10-system-design/50-editor-design/30-style-rail,2
"written words","content",10-system-design/50-editor-design/40-visual-system/10-tokens,1
"written words","content",10-system-design/50-editor-design/40-visual-system/20-typography-and-fonts,1
"written words","content",10-system-design/50-editor-design/50-canvas-and-media,1
"written words","content",10-system-design/50-editor-design,2
"written words","content",30-implementation/10-packages/20-docs-index,1
"written words","content",30-implementation/10-packages/30-docs-server,1
"written words","content",30-implementation/10-packages/70-framework,4
"written words","content",30-implementation/10-packages/80-external-canvas,1
"written words","content",30-implementation/10-packages/85-docs-mcp,2
"written words","content",30-implementation/10-packages/90-docs-publish,4
"written words","content",30-implementation/10-packages,2
"written words","content",30-implementation/20-workbench,2
"written words","content",40-guides/10-docs-mcp/20-skills,1
"written words","content",40-guides/10-docs-mcp/40-recovery,3
"written words","content",40-guides/10-docs-mcp/50-document-management,4
"written words","content",40-guides/30-run-central-docs,1
"written words","content",40-guides/40-export-pdf,2
"written words","content",99-appendix/10-style-guide/10-writing-style,1
"written words","content",99-appendix,1
"written words","body",10-system-design/10-doc-standards/80-authoring-lints,1
"written words","body",10-system-design/30-data-model/30-annotations,1
"written words","body",10-system-design/40-block-vocabulary/10-text-and-media/10-rich-text/11-heading,1
"written words","body",10-system-design/40-block-vocabulary/10-text-and-media/10-rich-text/14-callout,9
"written words","body",10-system-design/40-block-vocabulary/10-text-and-media/10-rich-text/18-html,2
"written words","body",10-system-design/40-block-vocabulary/10-text-and-media/10-rich-text,1
"written words","body",10-system-design/40-block-vocabulary/20-code/10-code-block,3
"written words","body",10-system-design/40-block-vocabulary/40-structured-reference/30-structured-table,2
"written words","body",10-system-design/40-block-vocabulary/50-flow-and-diagrams/10-process-outline,3
"written words","body",10-system-design/40-block-vocabulary/50-flow-and-diagrams/20-flow-strip,1
"written words","body",10-system-design/40-block-vocabulary/50-flow-and-diagrams/50-canvas,1
"written words","body",10-system-design/50-editor-design/10-reading-surface,1
"written words","body",10-system-design/50-editor-design/40-visual-system/20-typography-and-fonts,12
"written words","body",10-system-design/50-editor-design/40-visual-system/30-themes,1
"written words","body",10-system-design/50-editor-design/40-visual-system,1
"written words","body",30-implementation/10-packages/90-docs-publish,5
"written words","body",99-appendix/10-style-guide/20-structure,4
"diagram","canvas",10-system-design/10-doc-standards/80-authoring-lints,3
"diagram","canvas",10-system-design/20-translation-layer/10-human-surface,1
"diagram","canvas",10-system-design/30-data-model/20-block-design/60-agent-adapter,2
"diagram","canvas",10-system-design/30-data-model/20-block-design,1
"diagram","canvas",10-system-design/30-data-model/30-annotations,15
"diagram","canvas",10-system-design/30-data-model/40-serialization,1
"diagram","canvas",10-system-design/30-data-model/50-mutation-model/10-undo-redo,2
"diagram","canvas",10-system-design/30-data-model/50-mutation-model,1
"diagram","canvas",10-system-design/40-block-vocabulary/10-text-and-media/10-rich-text,4
"diagram","canvas",10-system-design/40-block-vocabulary/50-flow-and-diagrams/30-stack,1
"diagram","canvas",10-system-design/40-block-vocabulary/50-flow-and-diagrams/40-sequence,1
"diagram","canvas",10-system-design/40-block-vocabulary/50-flow-and-diagrams/50-canvas,51
"diagram","canvas",10-system-design/40-block-vocabulary/50-flow-and-diagrams,2
"diagram","canvas",10-system-design/40-block-vocabulary,4
"diagram","canvas",10-system-design/50-editor-design/10-reading-surface,1
"diagram","canvas",10-system-design/50-editor-design/20-editing-interactions/20-slash-menu,1
"diagram","canvas",10-system-design/50-editor-design/40-visual-system/10-tokens,1
"diagram","canvas",10-system-design/50-editor-design/50-canvas-and-media,15
"diagram","canvas",10-system-design/50-editor-design,2
"diagram","canvas",10-system-design/60-product-versioning,2
"diagram","canvas",10-system-design,1
"diagram","canvas",30-implementation/10-packages/10-docs-model,1
"diagram","canvas",30-implementation/10-packages/20-docs-index,1
"diagram","canvas",30-implementation/10-packages/40-docs-viewer,1
"diagram","canvas",30-implementation/10-packages/80-external-canvas,5
"diagram","canvas",30-implementation/10-packages/85-docs-mcp,3
"diagram","canvas",30-implementation/10-packages/90-docs-publish,5
"diagram","canvas",30-implementation/10-packages,2
"diagram","canvas",30-implementation,1
"diagram","canvas",40-guides/10-docs-mcp/20-skills,1
"diagram","canvas",40-guides/10-docs-mcp/30-sync,2
"diagram","canvas",40-guides/10-docs-mcp/40-recovery,2
"diagram","canvas",40-guides/10-docs-mcp/50-document-management,7
"diagram","canvas",40-guides/40-export-pdf,1
"diagram","canvas",40-guides/60-shared-env,2
"diagram","diagram",00-foundation/00-manifesto,3
"diagram","diagram",10-system-design/30-data-model/20-block-design/60-agent-adapter,1
"diagram","diagram",10-system-design/30-data-model/30-annotations,1
"diagram","diagram",10-system-design/30-data-model/50-mutation-model,1
"diagram","diagram",10-system-design/40-block-vocabulary/10-text-and-media/10-rich-text/18-html,2
"diagram","diagram",10-system-design/40-block-vocabulary/50-flow-and-diagrams/10-process-outline,3
"diagram","diagram",10-system-design/40-block-vocabulary/50-flow-and-diagrams/30-stack,1
"diagram","diagram",10-system-design/40-block-vocabulary/50-flow-and-diagrams/40-sequence,13
"diagram","diagram",10-system-design/40-block-vocabulary/50-flow-and-diagrams/50-canvas,1
"diagram","diagram",10-system-design/40-block-vocabulary/50-flow-and-diagrams,3
"diagram","diagram",10-system-design/40-block-vocabulary,1
"diagram","diagram",10-system-design/50-editor-design/10-reading-surface,1
"diagram","diagram",10-system-design/50-editor-design/30-style-rail,1
"diagram","diagram",10-system-design/50-editor-design/40-visual-system/40-code-colors,1
"diagram","diagram",10-system-design/50-editor-design/50-canvas-and-media,6
"diagram","diagram",30-implementation/10-packages/90-docs-publish,4
"diagram","diagram",30-implementation/20-workbench,1
"diagram","diagram",40-guides/40-export-pdf,1
"diagram","board",10-system-design/40-block-vocabulary/50-flow-and-diagrams/50-canvas,2
"diagram","board",10-system-design/50-editor-design/50-canvas-and-media,6
"diagram","board",30-implementation/10-packages/80-external-canvas,1
"diagram","figure",10-system-design/50-editor-design/50-canvas-and-media,4
"invocable thing","command",10-system-design/20-translation-layer/20-agent-surface,1
"invocable thing","command",10-system-design/40-block-vocabulary/30-trees-and-paths/10-file-tree,1
"invocable thing","command",10-system-design/50-editor-design/20-editing-interactions/10-typing-model,2
"invocable thing","command",10-system-design/50-editor-design/20-editing-interactions/20-slash-menu,10
"invocable thing","command",10-system-design/50-editor-design/20-editing-interactions/30-selection-and-movement,1
"invocable thing","command",10-system-design/50-editor-design/20-editing-interactions,1
"invocable thing","command",10-system-design,1
"invocable thing","command",30-implementation/10-packages/30-docs-server,1
"invocable thing","command",30-implementation/10-packages/60-docs-cli,12
"invocable thing","command",30-implementation/10-packages/85-docs-mcp,3
"invocable thing","command",30-implementation/10-packages/90-docs-publish,1
"invocable thing","command",30-implementation/10-packages,7
"invocable thing","command",30-implementation,1
"invocable thing","command",40-guides/10-docs-mcp/10-setup,2
"invocable thing","command",40-guides/10-docs-mcp/20-skills,1
"invocable thing","command",40-guides/10-docs-mcp/30-sync,1
"invocable thing","command",40-guides/10-docs-mcp/50-document-management,1
"invocable thing","command",40-guides/30-run-central-docs,4
"invocable thing","command",40-guides/40-export-pdf,1
"invocable thing","command",40-guides/50-deploy-github-pages,4
"invocable thing","command",40-guides/60-shared-env,2
"invocable thing","command",40-guides,1
"invocable thing","command",99-appendix/10-style-guide/10-writing-style,3
"invocable thing","tool",00-foundation/00-manifesto,3
"invocable thing","tool",00-foundation/10-design-principles,2
"invocable thing","tool",10-system-design/10-doc-standards/60-implementation-layer,1
"invocable thing","tool",10-system-design/10-doc-standards/80-authoring-lints,3
"invocable thing","tool",10-system-design/10-doc-standards,2
"invocable thing","tool",10-system-design/40-block-vocabulary/10-text-and-media/10-rich-text/18-html,1
"invocable thing","tool",10-system-design/40-block-vocabulary/30-trees-and-paths/30-call-stack,1
"invocable thing","tool",10-system-design/40-block-vocabulary/40-structured-reference/20-interaction-surface,1
"invocable thing","tool",10-system-design/50-editor-design/40-visual-system/30-themes,2
"invocable thing","tool",10-system-design/60-product-versioning,1
"invocable thing","tool",30-implementation/10-packages/30-docs-server,2
"invocable thing","tool",30-implementation/10-packages/60-docs-cli,1
"invocable thing","tool",30-implementation/10-packages/85-docs-mcp,11
"invocable thing","tool",40-guides/10-docs-mcp/10-setup,3
"invocable thing","tool",40-guides/10-docs-mcp/20-skills,5
"invocable thing","tool",40-guides/10-docs-mcp/30-sync,3
"invocable thing","tool",40-guides/10-docs-mcp/40-recovery,8
"invocable thing","tool",40-guides/10-docs-mcp/50-document-management,6
"invocable thing","tool",40-guides/10-docs-mcp,1
"invocable thing","tool",40-guides/50-deploy-github-pages,1
"invocable thing","action",00-foundation/10-design-principles,2
"invocable thing","action",10-system-design/10-doc-standards/70-document-purpose,1
"invocable thing","action",10-system-design/10-doc-standards/80-authoring-lints,1
"invocable thing","action",10-system-design/30-data-model/10-document-tree,3
"invocable thing","action",10-system-design/30-data-model/20-block-design/10-state-schema,1
"invocable thing","action",10-system-design/30-data-model/20-block-design/20-typed-actions,5
"invocable thing","action",10-system-design/30-data-model/20-block-design/60-agent-adapter,2
"invocable thing","action",10-system-design/30-data-model/20-block-design,6
"invocable thing","action",10-system-design/30-data-model/50-mutation-model,14
"invocable thing","action",10-system-design/30-data-model/60-change-sets,4
"invocable thing","action",10-system-design/30-data-model,1
"invocable thing","action",10-system-design/40-block-vocabulary/10-text-and-media/10-rich-text/10-paragraph,1
"invocable thing","action",10-system-design/40-block-vocabulary/10-text-and-media/10-rich-text/11-heading,1
"invocable thing","action",10-system-design/40-block-vocabulary/10-text-and-media/10-rich-text/14-callout,1
"invocable thing","action",10-system-design/40-block-vocabulary/10-text-and-media/10-rich-text/16-image,1
"invocable thing","action",10-system-design/40-block-vocabulary/10-text-and-media/10-rich-text/17-video,1
"invocable thing","action",10-system-design/40-block-vocabulary/10-text-and-media/10-rich-text/18-html,1
"invocable thing","action",10-system-design/40-block-vocabulary/10-text-and-media/10-rich-text,2
"invocable thing","action",10-system-design/40-block-vocabulary/20-code/10-code-block,8
"invocable thing","action",10-system-design/40-block-vocabulary/20-code/20-pseudocode,2
"invocable thing","action",10-system-design/40-block-vocabulary/30-trees-and-paths/10-file-tree,7
"invocable thing","action",10-system-design/40-block-vocabulary/30-trees-and-paths/20-file-explorer,2
"invocable thing","action",10-system-design/40-block-vocabulary/30-trees-and-paths/30-call-stack,2
"invocable thing","action",10-system-design/40-block-vocabulary/30-trees-and-paths/40-component-tree,2
"invocable thing","action",10-system-design/40-block-vocabulary/40-structured-reference/10-state-shape,9
"invocable thing","action",10-system-design/40-block-vocabulary/40-structured-reference/20-interaction-surface,14
"invocable thing","action",10-system-design/40-block-vocabulary/40-structured-reference/30-structured-table,13
"invocable thing","action",10-system-design/40-block-vocabulary/40-structured-reference,1
"invocable thing","action",10-system-design/40-block-vocabulary/50-flow-and-diagrams/10-process-outline,19
"invocable thing","action",10-system-design/40-block-vocabulary/50-flow-and-diagrams/20-flow-strip,2
"invocable thing","action",10-system-design/40-block-vocabulary/50-flow-and-diagrams/30-stack,2
"invocable thing","action",10-system-design/40-block-vocabulary/50-flow-and-diagrams/40-sequence,8
"invocable thing","action",10-system-design/40-block-vocabulary/50-flow-and-diagrams/50-canvas,11
"invocable thing","action",10-system-design/40-block-vocabulary,1
"invocable thing","action",10-system-design/50-editor-design/20-editing-interactions/20-slash-menu,1
"invocable thing","action",10-system-design/50-editor-design/20-editing-interactions,2
"invocable thing","action",10-system-design/50-editor-design/30-style-rail,1
"invocable thing","action",10-system-design/50-editor-design/50-canvas-and-media,3
"invocable thing","action",10-system-design,1
"invocable thing","action",30-implementation/10-packages/10-docs-model,11
"invocable thing","action",30-implementation/10-packages/40-docs-viewer,2
"invocable thing","action",30-implementation/10-packages/80-external-canvas,1
"invocable thing","action",30-implementation/10-packages/85-docs-mcp,2
"invocable thing","action",40-guides/10-docs-mcp/20-skills,1
"invocable thing","action",40-guides/10-docs-mcp/40-recovery,4
"invocable thing","action",40-guides/10-docs-mcp/50-document-management,2
"invocable thing","action",40-guides/20-release-core-products,1
"invocable thing","action",40-guides/30-run-central-docs,1
"invocable thing","action",40-guides/50-deploy-github-pages,4
"invocable thing","action",99-appendix/10-style-guide/10-writing-style,3
"invocable thing","action",99-appendix/10-style-guide/20-structure,2
"invocable thing","endpoint",10-system-design/40-block-vocabulary/40-structured-reference/20-interaction-surface,1
"invocable thing","endpoint",10-system-design/40-block-vocabulary/50-flow-and-diagrams/50-canvas,1
"invocable thing","endpoint",30-implementation/20-workbench,2
"invocable thing","endpoint",30-implementation/40-theming,1
"invocable thing","API",00-foundation/00-manifesto,1
"invocable thing","API",10-system-design/20-translation-layer,1
"invocable thing","API",10-system-design/40-block-vocabulary/10-text-and-media/10-rich-text/18-html,1
"invocable thing","API",10-system-design/40-block-vocabulary/50-flow-and-diagrams/10-process-outline,1
"invocable thing","API",10-system-design/70-central-docs-service,2
"invocable thing","API",30-implementation/10-packages/70-framework,1
"invocable thing","API",30-implementation/10-packages/85-docs-mcp,3
"invocable thing","API",30-implementation/10-packages/90-docs-publish,3
"invocable thing","API",40-guides/10-docs-mcp/10-setup,1
"invocable thing","API",40-guides/10-docs-mcp/40-recovery,1
"invocable thing","API",40-guides/30-run-central-docs,2
"invocable thing","API",40-guides/50-deploy-github-pages,1
"invocable thing","API",40-guides,1
"invocable thing","method",10-system-design/20-translation-layer,1
"invocable thing","method",10-system-design/30-data-model/20-block-design/20-typed-actions,1
"invocable thing","method",30-implementation/10-packages/10-docs-model,1
"invocable thing","method",30-implementation/10-packages/30-docs-server,2
"invocable thing","method",99-appendix/10-style-guide/10-writing-style,1
"category word","type",00-foundation/10-design-principles,9
"category word","type",10-system-design/10-doc-standards/20-numbering,1
"category word","type",10-system-design/30-data-model/10-document-tree,5
"category word","type",10-system-design/30-data-model/20-block-design/10-state-schema,2
"category word","type",10-system-design/30-data-model/20-block-design/30-doc-renderer,4
"category word","type",10-system-design/30-data-model/20-block-design/40-agent-renderer,2
"category word","type",10-system-design/30-data-model/20-block-design/50-theming,4
"category word","type",10-system-design/30-data-model/20-block-design/60-agent-adapter,10
"category word","type",10-system-design/30-data-model/20-block-design,13
"category word","type",10-system-design/30-data-model/30-annotations,5
"category word","type",10-system-design/30-data-model/40-serialization,2
"category word","type",10-system-design/30-data-model/50-mutation-model,3
"category word","type",10-system-design/30-data-model,3
"category word","type",10-system-design/40-block-vocabulary/10-text-and-media/10-rich-text/10-paragraph,1
"category word","type",10-system-design/40-block-vocabulary/10-text-and-media/10-rich-text/12-list-item,1
"category word","type",10-system-design/40-block-vocabulary/10-text-and-media/10-rich-text/14-callout,14
"category word","type",10-system-design/40-block-vocabulary/10-text-and-media/10-rich-text/17-video,1
"category word","type",10-system-design/40-block-vocabulary/10-text-and-media/10-rich-text/18-html,1
"category word","type",10-system-design/40-block-vocabulary/10-text-and-media/10-rich-text/19-image-grid,1
"category word","type",10-system-design/40-block-vocabulary/10-text-and-media/10-rich-text,15
"category word","type",10-system-design/40-block-vocabulary/10-text-and-media,2
"category word","type",10-system-design/40-block-vocabulary/20-code/10-code-block,5
"category word","type",10-system-design/40-block-vocabulary/20-code/20-pseudocode,1
"category word","type",10-system-design/40-block-vocabulary/20-code,1
"category word","type",10-system-design/40-block-vocabulary/30-trees-and-paths/10-file-tree,3
"category word","type",10-system-design/40-block-vocabulary/30-trees-and-paths/20-file-explorer,2
"category word","type",10-system-design/40-block-vocabulary/30-trees-and-paths/30-call-stack,2
"category word","type",10-system-design/40-block-vocabulary/30-trees-and-paths/40-component-tree,2
"category word","type",10-system-design/40-block-vocabulary/30-trees-and-paths,1
"category word","type",10-system-design/40-block-vocabulary/40-structured-reference/10-state-shape,21
"category word","type",10-system-design/40-block-vocabulary/40-structured-reference/20-interaction-surface,5
"category word","type",10-system-design/40-block-vocabulary/40-structured-reference/30-structured-table,2
"category word","type",10-system-design/40-block-vocabulary/40-structured-reference,1
"category word","type",10-system-design/40-block-vocabulary/50-flow-and-diagrams/10-process-outline,4
"category word","type",10-system-design/40-block-vocabulary/50-flow-and-diagrams/20-flow-strip,2
"category word","type",10-system-design/40-block-vocabulary/50-flow-and-diagrams/30-stack,3
"category word","type",10-system-design/40-block-vocabulary/50-flow-and-diagrams/40-sequence,3
"category word","type",10-system-design/40-block-vocabulary/50-flow-and-diagrams/50-canvas,2
"category word","type",10-system-design/40-block-vocabulary/50-flow-and-diagrams,1
"category word","type",10-system-design/40-block-vocabulary,17
"category word","type",10-system-design/50-editor-design/20-editing-interactions/10-typing-model,1
"category word","type",10-system-design/50-editor-design/20-editing-interactions/20-slash-menu,4
"category word","type",10-system-design/50-editor-design/20-editing-interactions/30-selection-and-movement,1
"category word","type",10-system-design/50-editor-design/20-editing-interactions/40-in-place-editing,8
"category word","type",10-system-design/50-editor-design/20-editing-interactions,2
"category word","type",10-system-design/50-editor-design/30-style-rail,2
"category word","type",10-system-design/50-editor-design/40-visual-system/40-code-colors,5
"category word","type",10-system-design/50-editor-design,1
"category word","type",10-system-design,4
"category word","type",30-implementation/10-packages/10-docs-model,4
"category word","type",30-implementation/10-packages/40-docs-viewer,2
"category word","type",30-implementation/10-packages/90-docs-publish,2
"category word","type",30-implementation/40-theming/10-system-ui,1
"category word","type",40-guides/10-docs-mcp/50-document-management,1
"category word","type",40-guides/30-run-central-docs,1
"category word","type",99-appendix/10-style-guide/10-writing-style,2
"category word","kind",00-foundation/00-manifesto,1
"category word","kind",00-foundation/10-design-principles,1
"category word","kind",10-system-design/20-translation-layer/10-human-surface,1
"category word","kind",10-system-design/30-data-model/10-document-tree,2
"category word","kind",10-system-design/30-data-model/20-block-design/50-theming,2
"category word","kind",10-system-design/30-data-model/30-annotations,3
"category word","kind",10-system-design/30-data-model/40-serialization,1
"category word","kind",10-system-design/30-data-model/50-mutation-model/10-undo-redo,1
"category word","kind",10-system-design/40-block-vocabulary/10-text-and-media/10-rich-text,2
"category word","kind",10-system-design/40-block-vocabulary/10-text-and-media,1
"category word","kind",10-system-design/40-block-vocabulary/20-code/10-code-block,1
"category word","kind",10-system-design/40-block-vocabulary/40-structured-reference/20-interaction-surface,8
"category word","kind",10-system-design/40-block-vocabulary/40-structured-reference/30-structured-table,2
"category word","kind",10-system-design/40-block-vocabulary/50-flow-and-diagrams/10-process-outline,4
"category word","kind",10-system-design/40-block-vocabulary,2
"category word","kind",10-system-design/50-editor-design/30-style-rail,2
"category word","kind",10-system-design/50-editor-design/40-visual-system/40-code-colors,2
"category word","kind",30-implementation/10-packages/80-external-canvas,1
"category word","kind",30-implementation/40-theming,1
"category word","variant",10-system-design/40-block-vocabulary,1
"category word","variant",10-system-design/50-editor-design/20-editing-interactions/20-slash-menu,1
"category word","category",10-system-design/10-doc-standards/70-document-purpose,1
"category word","category",10-system-design/30-data-model/50-mutation-model,1
"category word","category",10-system-design/40-block-vocabulary/40-structured-reference/20-interaction-surface,1
"category word","class",00-foundation/10-design-principles,1
"category word","class",10-system-design/10-doc-standards/60-implementation-layer,1
"category word","class",10-system-design/40-block-vocabulary/40-structured-reference/30-structured-table,1
"category word","class",10-system-design/50-editor-design/10-reading-surface,1
"category word","class",30-implementation/10-packages/90-docs-publish,1
"label text","heading",10-system-design/10-doc-standards/80-authoring-lints,10
"label text","heading",10-system-design/20-translation-layer/20-agent-surface,1
"label text","heading",10-system-design/30-data-model/50-mutation-model/20-copy-paste,1
"label text","heading",10-system-design/40-block-vocabulary/10-text-and-media/10-rich-text/10-paragraph,1
"label text","heading",10-system-design/40-block-vocabulary/10-text-and-media/10-rich-text/11-heading,10
"label text","heading",10-system-design/40-block-vocabulary/10-text-and-media/10-rich-text/12-list-item,1
"label text","heading",10-system-design/40-block-vocabulary/10-text-and-media/10-rich-text/14-callout,1
"label text","heading",10-system-design/40-block-vocabulary/10-text-and-media/10-rich-text/16-image,1
"label text","heading",10-system-design/40-block-vocabulary/10-text-and-media/10-rich-text/19-image-grid,4
"label text","heading",10-system-design/40-block-vocabulary/10-text-and-media/10-rich-text,2
"label text","heading",10-system-design/40-block-vocabulary/10-text-and-media,1
"label text","heading",10-system-design/40-block-vocabulary/20-code/10-code-block,1
"label text","heading",10-system-design/40-block-vocabulary/40-structured-reference/20-interaction-surface,1
"label text","heading",10-system-design/40-block-vocabulary/50-flow-and-diagrams/10-process-outline,2
"label text","heading",10-system-design/40-block-vocabulary,4
"label text","heading",10-system-design/50-editor-design/20-editing-interactions/10-typing-model,2
"label text","heading",10-system-design/50-editor-design/20-editing-interactions/20-slash-menu,2
"label text","heading",10-system-design/50-editor-design/20-editing-interactions/30-selection-and-movement,1
"label text","heading",10-system-design/50-editor-design/40-visual-system/20-typography-and-fonts,9
"label text","heading",10-system-design/50-editor-design/40-visual-system/30-themes,1
"label text","heading",10-system-design/50-editor-design/40-visual-system,1
"label text","heading",30-implementation/10-packages/90-docs-publish,1
"label text","heading",99-appendix/10-style-guide/10-writing-style,3
"label text","heading",99-appendix/10-style-guide/20-structure,10
"label text","heading",99-appendix/10-style-guide,1
"label text","title",10-system-design/10-doc-standards/80-authoring-lints,6
"label text","title",10-system-design/20-translation-layer/10-human-surface,1
"label text","title",10-system-design/30-data-model/40-serialization,1
"label text","title",10-system-design/40-block-vocabulary/10-text-and-media/10-rich-text/11-heading,1
"label text","title",10-system-design/40-block-vocabulary/10-text-and-media/10-rich-text/14-callout,12
"label text","title",10-system-design/40-block-vocabulary/10-text-and-media/10-rich-text/17-video,2
"label text","title",10-system-design/40-block-vocabulary/10-text-and-media/10-rich-text/18-html,3
"label text","title",10-system-design/40-block-vocabulary/10-text-and-media/10-rich-text,1
"label text","title",10-system-design/40-block-vocabulary/10-text-and-media,1
"label text","title",10-system-design/40-block-vocabulary/20-code/10-code-block,1
"label text","title",10-system-design/40-block-vocabulary/30-trees-and-paths/20-file-explorer,3
"label text","title",10-system-design/40-block-vocabulary/40-structured-reference/20-interaction-surface,1
"label text","title",10-system-design/40-block-vocabulary/40-structured-reference/30-structured-table,2
"label text","title",10-system-design/40-block-vocabulary/50-flow-and-diagrams/10-process-outline,3
"label text","title",10-system-design/40-block-vocabulary/50-flow-and-diagrams/20-flow-strip,2
"label text","title",10-system-design/40-block-vocabulary/50-flow-and-diagrams/40-sequence,4
"label text","title",10-system-design/40-block-vocabulary/50-flow-and-diagrams/50-canvas,4
"label text","title",10-system-design/40-block-vocabulary,3
"label text","title",10-system-design/50-editor-design/10-reading-surface,9
"label text","title",10-system-design/50-editor-design/40-visual-system/20-typography-and-fonts,1
"label text","title",10-system-design/50-editor-design/50-canvas-and-media,1
"label text","title",10-system-design/50-editor-design,1
"label text","title",10-system-design,1
"label text","title",30-implementation/10-packages/85-docs-mcp,1
"label text","title",30-implementation/10-packages/90-docs-publish,2
"label text","title",40-guides/10-docs-mcp/40-recovery,1
"label text","title",40-guides/10-docs-mcp/50-document-management,3
"label text","title",40-guides/10-docs-mcp,1
"label text","title",40-guides/50-deploy-github-pages,3
"label text","title",99-appendix/10-style-guide/10-writing-style,3
"label text","title",99-appendix/10-style-guide/20-structure,6
"label text","title",99-appendix/10-style-guide,1
"label text","header",10-system-design/10-doc-standards/10-structure,1
"label text","header",10-system-design/10-doc-standards/40-code-linking,1
"label text","header",10-system-design/10-doc-standards/50-in-code-docs,3
"label text","header",10-system-design/10-doc-standards/60-implementation-layer,1
"label text","header",10-system-design/10-doc-standards,1
"label text","header",10-system-design/30-data-model/20-block-design/40-agent-renderer,1
"label text","header",10-system-design/40-block-vocabulary/10-text-and-media/10-rich-text/14-callout,1
"label text","header",10-system-design/40-block-vocabulary/20-code/10-code-block,7
"label text","header",10-system-design/40-block-vocabulary/20-code/20-pseudocode,1
"label text","header",10-system-design/40-block-vocabulary/30-trees-and-paths/20-file-explorer,3
"label text","header",10-system-design/40-block-vocabulary/40-structured-reference/10-state-shape,10
"label text","header",10-system-design/40-block-vocabulary/40-structured-reference/20-interaction-surface,10
"label text","header",10-system-design/40-block-vocabulary/40-structured-reference/30-structured-table,22
"label text","header",10-system-design/40-block-vocabulary/50-flow-and-diagrams/30-stack,1
"label text","header",10-system-design/50-editor-design/20-editing-interactions/20-slash-menu,1
"label text","header",10-system-design/50-editor-design/20-editing-interactions,1
"label text","header",10-system-design/50-editor-design/30-style-rail,2
"label text","header",10-system-design/50-editor-design/50-canvas-and-media,2
"label text","header",30-implementation/10-packages/90-docs-publish,2
"label text","header",40-guides/50-deploy-github-pages,2
"label text","label",10-system-design/10-doc-standards/80-authoring-lints,8
"label text","label",10-system-design/30-data-model/20-block-design/40-agent-renderer,1
"label text","label",10-system-design/30-data-model/40-serialization,1
"label text","label",10-system-design/40-block-vocabulary/10-text-and-media/10-rich-text/14-callout,8
"label text","label",10-system-design/40-block-vocabulary/10-text-and-media/10-rich-text/17-video,1
"label text","label",10-system-design/40-block-vocabulary/10-text-and-media/10-rich-text/18-html,4
"label text","label",10-system-design/40-block-vocabulary/10-text-and-media/10-rich-text/19-image-grid,2
"label text","label",10-system-design/40-block-vocabulary/20-code/10-code-block,8
"label text","label",10-system-design/40-block-vocabulary/40-structured-reference/10-state-shape,1
"label text","label",10-system-design/40-block-vocabulary/50-flow-and-diagrams/10-process-outline,2
"label text","label",10-system-design/40-block-vocabulary/50-flow-and-diagrams/20-flow-strip,1
"label text","label",10-system-design/40-block-vocabulary/50-flow-and-diagrams/30-stack,2
"label text","label",10-system-design/50-editor-design/10-reading-surface,1
"label text","label",10-system-design/50-editor-design/30-style-rail,4
"label text","label",10-system-design/50-editor-design/40-visual-system/20-typography-and-fonts,1
"label text","label",10-system-design/50-editor-design/40-visual-system/30-themes,1
"label text","label",30-implementation/10-packages/90-docs-publish,1
"label text","label",40-guides/10-docs-mcp/40-recovery,1
"label text","label",99-appendix/10-style-guide/10-writing-style,3
"label text","label",99-appendix/10-style-guide/20-structure,1
"label text","caption",10-system-design/10-doc-standards/80-authoring-lints,1
"label text","caption",10-system-design/40-block-vocabulary/10-text-and-media/10-rich-text/16-image,6
"label text","caption",10-system-design/40-block-vocabulary/10-text-and-media/10-rich-text/17-video,4
"label text","caption",10-system-design/40-block-vocabulary/10-text-and-media/10-rich-text/18-html,4
"label text","caption",10-system-design/40-block-vocabulary/10-text-and-media/10-rich-text/19-image-grid,6
"label text","caption",10-system-design/40-block-vocabulary/10-text-and-media/10-rich-text,2
"label text","caption",10-system-design/40-block-vocabulary/10-text-and-media,2
"label text","caption",10-system-design/40-block-vocabulary/40-structured-reference/20-interaction-surface,1
"label text","caption",10-system-design/40-block-vocabulary/40-structured-reference/30-structured-table,1
"label text","caption",10-system-design/40-block-vocabulary/50-flow-and-diagrams/20-flow-strip,2
"label text","caption",10-system-design/40-block-vocabulary,3
"label text","caption",10-system-design/50-editor-design/50-canvas-and-media,2
"label text","caption",30-implementation/10-packages/90-docs-publish,1
"pointer","link",00-foundation/10-design-principles,1
"pointer","link",10-system-design/10-doc-standards/10-structure,2
"pointer","link",10-system-design/10-doc-standards/30-cross-doc-linking,19
"pointer","link",10-system-design/10-doc-standards/40-code-linking,5
"pointer","link",10-system-design/10-doc-standards/50-in-code-docs,1
"pointer","link",10-system-design/10-doc-standards/60-implementation-layer,2
"pointer","link",10-system-design/10-doc-standards/70-document-purpose,2
"pointer","link",10-system-design/30-data-model/40-serialization,1
"pointer","link",10-system-design/30-data-model/60-change-sets,3
"pointer","link",10-system-design/40-block-vocabulary/10-text-and-media/10-rich-text/10-paragraph,4
"pointer","link",10-system-design/40-block-vocabulary/10-text-and-media/10-rich-text/17-video,1
"pointer","link",10-system-design/40-block-vocabulary/10-text-and-media/10-rich-text,7
"pointer","link",10-system-design/40-block-vocabulary/20-code/10-code-block,1
"pointer","link",10-system-design/40-block-vocabulary/40-structured-reference/10-state-shape,3
"pointer","link",10-system-design/40-block-vocabulary/40-structured-reference/20-interaction-surface,1
"pointer","link",10-system-design/40-block-vocabulary/40-structured-reference/30-structured-table,5
"pointer","link",10-system-design/40-block-vocabulary/50-flow-and-diagrams/10-process-outline,1
"pointer","link",10-system-design/40-block-vocabulary/50-flow-and-diagrams/50-canvas,2
"pointer","link",10-system-design/40-block-vocabulary,2
"pointer","link",10-system-design/50-editor-design/10-reading-surface,2
"pointer","link",10-system-design/50-editor-design/20-editing-interactions/30-selection-and-movement,1
"pointer","link",10-system-design/50-editor-design/50-canvas-and-media,4
"pointer","link",30-implementation/10-packages/20-docs-index,2
"pointer","link",30-implementation/10-packages/60-docs-cli,1
"pointer","link",30-implementation/10-packages/80-external-canvas,1
"pointer","link",30-implementation/10-packages/85-docs-mcp,2
"pointer","link",30-implementation/10-packages/90-docs-publish,2
"pointer","link",30-implementation/10-packages,3
"pointer","link",30-implementation/20-workbench,1
"pointer","link",40-guides/10-docs-mcp/40-recovery,2
"pointer","link",40-guides/10-docs-mcp/50-document-management,4
"pointer","link",40-guides/40-export-pdf,2
"pointer","link",40-guides/50-deploy-github-pages,5
"pointer","link",99-appendix/10-style-guide/10-writing-style,4
"pointer","link",99-appendix/10-style-guide/20-structure,1
"pointer","reference",00-foundation/00-manifesto,2
"pointer","reference",10-system-design/10-doc-standards/20-numbering,1
"pointer","reference",10-system-design/10-doc-standards/30-cross-doc-linking,7
"pointer","reference",10-system-design/10-doc-standards/40-code-linking,4
"pointer","reference",10-system-design/10-doc-standards/60-implementation-layer,1
"pointer","reference",10-system-design/10-doc-standards/70-document-purpose,4
"pointer","reference",10-system-design/10-doc-standards/80-authoring-lints,1
"pointer","reference",10-system-design/10-doc-standards,4
"pointer","reference",10-system-design/20-translation-layer/20-agent-surface,1
"pointer","reference",10-system-design/30-data-model/10-document-tree,2
"pointer","reference",10-system-design/30-data-model/30-annotations,1
"pointer","reference",10-system-design/30-data-model/40-serialization,2
"pointer","reference",10-system-design/30-data-model/50-mutation-model/20-copy-paste,2
"pointer","reference",10-system-design/30-data-model/50-mutation-model,1
"pointer","reference",10-system-design/30-data-model/60-change-sets,2
"pointer","reference",10-system-design/40-block-vocabulary/10-text-and-media/10-rich-text/10-paragraph,3
"pointer","reference",10-system-design/40-block-vocabulary/10-text-and-media/10-rich-text,11
"pointer","reference",10-system-design/40-block-vocabulary/20-code/10-code-block,1
"pointer","reference",10-system-design/40-block-vocabulary/40-structured-reference/30-structured-table,1
"pointer","reference",10-system-design/40-block-vocabulary/40-structured-reference,3
"pointer","reference",10-system-design/40-block-vocabulary/50-flow-and-diagrams/40-sequence,6
"pointer","reference",10-system-design/40-block-vocabulary/50-flow-and-diagrams/50-canvas,4
"pointer","reference",10-system-design/40-block-vocabulary,2
"pointer","reference",10-system-design/50-editor-design/10-reading-surface,11
"pointer","reference",10-system-design/50-editor-design/40-visual-system/20-typography-and-fonts,1
"pointer","reference",10-system-design/50-editor-design/40-visual-system/40-code-colors,1
"pointer","reference",10-system-design/50-editor-design/50-canvas-and-media,1
"pointer","reference",10-system-design/50-editor-design,1
"pointer","reference",10-system-design/60-product-versioning,1
"pointer","reference",30-implementation/10-packages/20-docs-index,4
"pointer","reference",30-implementation/10-packages/60-docs-cli,1
"pointer","reference",30-implementation/10-packages/80-external-canvas,2
"pointer","reference",30-implementation/10-packages/85-docs-mcp,8
"pointer","reference",30-implementation/10-packages/90-docs-publish,1
"pointer","reference",30-implementation/10-packages,1
"pointer","reference",30-implementation/20-workbench,1
"pointer","reference",40-guides/10-docs-mcp/10-setup,1
"pointer","reference",40-guides/10-docs-mcp/20-skills,9
"pointer","reference",40-guides/10-docs-mcp/30-sync,6
"pointer","reference",40-guides/10-docs-mcp/40-recovery,3
"pointer","reference",40-guides/10-docs-mcp/50-document-management,6
"pointer","reference",40-guides/30-run-central-docs,1
"pointer","reference",40-guides/40-export-pdf,1
"pointer","reference",99-appendix/10-style-guide/20-structure,1
"pointer","backlink",10-system-design/10-doc-standards/30-cross-doc-linking,2
"pointer","backlink",10-system-design/20-translation-layer,1
"pointer","backlink",10-system-design/30-data-model/10-document-tree,1
"pointer","backlink",10-system-design/30-data-model/50-mutation-model,2
"pointer","backlink",10-system-design/40-block-vocabulary/10-text-and-media/10-rich-text,1
"pointer","backlink",10-system-design/40-block-vocabulary/20-code/10-code-block,1
"pointer","backlink",10-system-design/50-editor-design/10-reading-surface,2
"pointer","backlink",10-system-design/50-editor-design,1
"pointer","backlink",30-implementation/10-packages/60-docs-cli,1
"pointer","backlink",30-implementation/10-packages,1
"pointer","backlink",30-implementation,1
"rulebook","guidance",10-system-design/10-doc-standards/80-authoring-lints,4
"rulebook","guidance",10-system-design/40-block-vocabulary/10-text-and-media/10-rich-text,1
"rulebook","guidance",10-system-design/40-block-vocabulary/50-flow-and-diagrams/20-flow-strip,1
"rulebook","guidance",30-implementation/10-packages/85-docs-mcp,8
"rulebook","guidance",30-implementation/10-packages,1
"rulebook","guidance",40-guides/10-docs-mcp/20-skills,8
"rulebook","guidance",40-guides/10-docs-mcp/30-sync,4
"rulebook","guidance",40-guides/10-docs-mcp/40-recovery,2
"rulebook","guidance",40-guides/10-docs-mcp/50-document-management,1
"rulebook","guidance",99-appendix/10-style-guide/10-writing-style,4
"rulebook","guidance",99-appendix/10-style-guide,1
"rulebook","guidance",99-appendix,1
"rulebook","guide",10-system-design/10-doc-standards/10-structure,4
"rulebook","guide",10-system-design/10-doc-standards/70-document-purpose,4
"rulebook","guide",10-system-design/10-doc-standards,1
"rulebook","guide",10-system-design/40-block-vocabulary/30-trees-and-paths/10-file-tree,3
"rulebook","guide",10-system-design/40-block-vocabulary/30-trees-and-paths/30-call-stack,1
"rulebook","guide",10-system-design/40-block-vocabulary/30-trees-and-paths/40-component-tree,2
"rulebook","guide",10-system-design/40-block-vocabulary/50-flow-and-diagrams/10-process-outline,2
"rulebook","guide",30-implementation/10-packages/85-docs-mcp,1
"rulebook","guide",30-implementation/40-theming/10-system-ui,1
"rulebook","guide",40-guides/10-docs-mcp/20-skills,2
"rulebook","guide",40-guides/10-docs-mcp,1
"rulebook","guide",40-guides/20-release-core-products,1
"rulebook","guide",40-guides/30-run-central-docs,1
"rulebook","guide",40-guides/40-export-pdf,3
"rulebook","guide",40-guides/50-deploy-github-pages,5
"rulebook","guide",40-guides,3
"rulebook","guide",99-appendix/10-style-guide/10-writing-style,2
"rulebook","guide",99-appendix/10-style-guide,1
"rulebook","standard",10-system-design/10-doc-standards/10-structure,1
"rulebook","standard",10-system-design/10-doc-standards/30-cross-doc-linking,1
"rulebook","standard",10-system-design/10-doc-standards/70-document-purpose,2
"rulebook","standard",10-system-design/10-doc-standards,5
"rulebook","standard",10-system-design/20-translation-layer,1
"rulebook","standard",10-system-design/40-block-vocabulary/10-text-and-media/10-rich-text/10-paragraph,2
"rulebook","standard",10-system-design/40-block-vocabulary/10-text-and-media/10-rich-text/16-image,1
"rulebook","standard",10-system-design/40-block-vocabulary/40-structured-reference/30-structured-table,2
"rulebook","standard",10-system-design/40-block-vocabulary/50-flow-and-diagrams/20-flow-strip,1
"rulebook","standard",10-system-design/40-block-vocabulary/50-flow-and-diagrams/30-stack,1
"rulebook","standard",30-implementation/10-packages/70-framework,3
"rulebook","standard",30-implementation/10-packages/85-docs-mcp,3
"rulebook","standard",30-implementation,1
"rulebook","standard",40-guides/10-docs-mcp/20-skills,6
"rulebook","standard",40-guides/10-docs-mcp/30-sync,2
"rulebook","standard",40-guides,1
"rulebook","standard",99-appendix/10-style-guide/20-structure,1
"rulebook","standard",99-appendix,1
"rulebook","style guide",10-system-design/40-block-vocabulary/30-trees-and-paths/10-file-tree,1
"rulebook","style guide",40-guides/10-docs-mcp/20-skills,2
"rulebook","style guide",99-appendix/10-style-guide/10-writing-style,2
"rulebook","style guide",99-appendix/10-style-guide,1
"rulebook","convention",10-system-design/10-doc-standards/60-implementation-layer,1
"rulebook","convention",10-system-design/30-data-model/10-document-tree,1
"rulebook","convention",10-system-design/40-block-vocabulary/10-text-and-media/10-rich-text/11-heading,1
"rulebook","convention",10-system-design/40-block-vocabulary/30-trees-and-paths/10-file-tree,1
"rulebook","convention",30-implementation/10-packages/70-framework,1
"rulebook","principle",00-foundation/10-design-principles,1
"rulebook","principle",00-foundation,1
"rulebook","principle",10-system-design/40-block-vocabulary/20-code/10-code-block,1
"rulebook","principle",99-appendix/10-style-guide/10-writing-style,1
"rulebook","policy",10-system-design/10-doc-standards/80-authoring-lints,2
"rulebook","policy",10-system-design/40-block-vocabulary/10-text-and-media/10-rich-text/18-html,2
"rulebook","policy",10-system-design/50-editor-design/20-editing-interactions/20-slash-menu,1
"rulebook","policy",10-system-design/50-editor-design/20-editing-interactions/40-in-place-editing,1
"rulebook","policy",10-system-design/60-product-versioning,1
"rulebook","policy",30-implementation/10-packages/30-docs-server,1
"rulebook","policy",30-implementation/10-packages/50-docs-workbench,6
"rulebook","policy",30-implementation/10-packages/85-docs-mcp,1
"rulebook","policy",30-implementation/10-packages,4
"rulebook","policy",40-guides/20-release-core-products,1